Seed,Grain Type,Model,f-Mark Type,Weight Type,Value,Permutation Test Count,Left p-value,Right p-value,Both Sided p-value
103,ball,ball_0_alpha=0,product,intersection,516.0,5000,0.037,0.963,0.074
103,ball,ball_0_alpha=0,product,shared_area,6.153219953789261,5000,0.0508,0.9492,0.1016
103,ball,ball_0_alpha=0,product,distance,2049.2348462856444,5000,0.8006,0.19940000000000002,0.39880000000000004
103,ball,ball_0_alpha=0,square,intersection,635.0,5000,0.9788,0.021199999999999997,0.04239999999999999
103,ball,ball_0_alpha=0,square,shared_area,7.671252107705538,5000,0.9014,0.09860000000000002,0.19720000000000004
103,ball,ball_0_alpha=0,square,distance,2074.35812412666,5000,0.2566,0.7434000000000001,0.5132
103,ball,ball_0_alpha=0,first_mark,intersection,1151.0,5000,0.1768,0.8231999999999999,0.3536
103,ball,ball_0_alpha=0,first_mark,shared_area,13.824472061494799,5000,0.143,0.857,0.286
103,ball,ball_0_alpha=0,first_mark,distance,4123.592970412305,5000,0.771,0.22899999999999998,0.45799999999999996
103,segment,segment_1_alpha=0,product,intersection,36.0,5000,0.1666,0.8334,0.3332
103,segment,segment_1_alpha=0,product,distance,2820.65326828,5000,0.7618,0.23819999999999997,0.47639999999999993
103,segment,segment_1_alpha=0,product,angle,5950.612648680158,5000,0.9842,0.015800000000000036,0.03160000000000007
103,segment,segment_1_alpha=0,square,intersection,47.0,5000,0.6444,0.3556,0.7112
103,segment,segment_1_alpha=0,square,distance,2897.8822750099994,5000,0.0996,0.9004,0.1992
103,segment,segment_1_alpha=0,square,angle,5821.18489710795,5000,0.8818,0.11819999999999997,0.23639999999999994
103,segment,segment_1_alpha=0,first_mark,intersection,83.0,5000,0.217,0.783,0.434
103,segment,segment_1_alpha=0,first_mark,distance,5718.53554329,5000,0.7124,0.28759999999999997,0.5751999999999999
103,segment,segment_1_alpha=0,first_mark,angle,11771.797545788108,5000,0.9862,0.013800000000000034,0.02760000000000007
103,segment,segment_2_alpha=0,product,intersection,36.0,5000,0.1678,0.8322,0.3356
103,segment,segment_2_alpha=0,product,distance,2820.65326828,5000,0.7512,0.24880000000000002,0.49760000000000004
103,segment,segment_2_alpha=0,product,angle,5950.612648680158,5000,0.9844,0.015599999999999947,0.031199999999999894
103,segment,segment_2_alpha=0,square,intersection,47.0,5000,0.635,0.365,0.73
103,segment,segment_2_alpha=0,square,distance,2897.8822750099994,5000,0.1108,0.8892,0.2216
103,segment,segment_2_alpha=0,square,angle,5821.18489710795,5000,0.8846,0.11539999999999995,0.2307999999999999
103,segment,segment_2_alpha=0,first_mark,intersection,83.0,5000,0.226,0.774,0.452
103,segment,segment_2_alpha=0,first_mark,distance,5718.53554329,5000,0.7004,0.2996,0.5992
103,segment,segment_2_alpha=0,first_mark,angle,11771.797545788108,5000,0.986,0.014000000000000012,0.028000000000000025
103,ball,ball_0_alpha=0.25,product,intersection,488.0,5000,0.0038,0.9962,0.0076
103,ball,ball_0_alpha=0.25,product,shared_area,6.476020992916584,5000,0.0664,0.9336,0.1328
103,ball,ball_0_alpha=0.25,product,distance,2054.183184476821,5000,0.8018,0.19820000000000004,0.3964000000000001
103,ball,ball_0_alpha=0.25,square,intersection,627.0,5000,0.7546,0.24539999999999995,0.4907999999999999
103,ball,ball_0_alpha=0.25,square,shared_area,7.368449900895117,5000,0.1028,0.8972,0.2056
103,ball,ball_0_alpha=0.25,square,distance,2082.095584304996,5000,0.464,0.536,0.928
103,ball,ball_0_alpha=0.25,first_mark,intersection,1115.0,5000,0.0114,0.9886,0.0228
103,ball,ball_0_alpha=0.25,first_mark,shared_area,13.844470893811701,5000,0.0138,0.9862,0.0276
103,ball,ball_0_alpha=0.25,first_mark,distance,4136.278768781817,5000,0.7854,0.2146,0.4292
103,segment,segment_1_alpha=0.25,product,intersection,26.0,5000,0.5112,0.4888,0.9776
103,segment,segment_1_alpha=0.25,product,distance,1669.5430008399999,5000,0.7486,0.25139999999999996,0.5027999999999999
103,segment,segment_1_alpha=0.25,product,angle,3343.6709205323714,5000,0.8136,0.1864,0.3728
103,segment,segment_1_alpha=0.25,square,intersection,37.0,5000,0.101,0.899,0.202
103,segment,segment_1_alpha=0.25,square,distance,2754.8032907799998,5000,0.6872,0.31279999999999997,0.6255999999999999
103,segment,segment_1_alpha=0.25,square,angle,5456.63189523728,5000,0.754,0.246,0.492
103,segment,segment_1_alpha=0.25,first_mark,intersection,63.0,5000,0.2196,0.7804,0.4392
103,segment,segment_1_alpha=0.25,first_mark,distance,4424.346291620001,5000,0.7378,0.2622,0.5244
103,segment,segment_1_alpha=0.25,first_mark,angle,8800.30281576965,5000,0.8058,0.19420000000000004,0.3884000000000001
103,segment,segment_2_alpha=0.25,product,intersection,36.0,5000,0.6612,0.3388,0.6776
103,segment,segment_2_alpha=0.25,product,distance,2107.0418772800003,5000,0.7348,0.2652,0.5304
103,segment,segment_2_alpha=0.25,product,angle,4404.550830492605,5000,0.9818,0.018199999999999994,0.03639999999999999
103,segment,segment_2_alpha=0.25,square,intersection,37.0,5000,0.0522,0.9478,0.1044
103,segment,segment_2_alpha=0.25,square,distance,2866.07368391,5000,0.7566,0.24339999999999995,0.4867999999999999
103,segment,segment_2_alpha=0.25,square,angle,5761.137483160165,5000,0.9798,0.020199999999999996,0.04039999999999999
103,segment,segment_2_alpha=0.25,first_mark,intersection,73.0,5000,0.289,0.7110000000000001,0.578
103,segment,segment_2_alpha=0.25,first_mark,distance,4973.115561189999,5000,0.7504,0.24960000000000004,0.4992000000000001
103,segment,segment_2_alpha=0.25,first_mark,angle,10165.688313652772,5000,0.9892,0.010800000000000032,0.021600000000000064
103,ball,ball_0_alpha=0.5,product,intersection,842.0,5000,0.0482,0.9518,0.0964
103,ball,ball_0_alpha=0.5,product,shared_area,10.08617423422252,5000,0.217,0.783,0.434
103,ball,ball_0_alpha=0.5,product,distance,3337.0165427424745,5000,0.9386,0.06140000000000001,0.12280000000000002
103,ball,ball_0_alpha=0.5,square,intersection,578.0,5000,0.5822,0.41779999999999995,0.8355999999999999
103,ball,ball_0_alpha=0.5,square,shared_area,6.677547640447424,5000,0.5134,0.48660000000000003,0.9732000000000001
103,ball,ball_0_alpha=0.5,square,distance,1954.057724824753,5000,0.1052,0.8948,0.2104
103,ball,ball_0_alpha=0.5,first_mark,intersection,1420.0,5000,0.0256,0.9744,0.0512
103,ball,ball_0_alpha=0.5,first_mark,shared_area,16.763721874669947,5000,0.1538,0.8462000000000001,0.3076
103,ball,ball_0_alpha=0.5,first_mark,distance,5291.074267567227,5000,0.9408,0.05920000000000003,0.11840000000000006
103,segment,segment_1_alpha=0.5,product,intersection,26.0,5000,0.4568,0.5432,0.9136
103,segment,segment_1_alpha=0.5,product,distance,1474.38921232,5000,0.7304,0.26959999999999995,0.5391999999999999
103,segment,segment_1_alpha=0.5,product,angle,2865.069206951517,5000,0.8206,0.1794,0.3588
103,segment,segment_1_alpha=0.5,square,intersection,51.0,5000,0.6918,0.30820000000000003,0.6164000000000001
103,segment,segment_1_alpha=0.5,square,distance,2665.5569663,5000,0.7176,0.2824,0.5648
103,segment,segment_1_alpha=0.5,square,angle,5080.103548469666,5000,0.7174,0.28259999999999996,0.5651999999999999
103,segment,segment_1_alpha=0.5,first_mark,intersection,77.0,5000,0.6364,0.36360000000000003,0.7272000000000001
103,segment,segment_1_alpha=0.5,first_mark,distance,4139.946178620001,5000,0.733,0.267,0.534
103,segment,segment_1_alpha=0.5,first_mark,angle,7945.172755421184,5000,0.803,0.19699999999999995,0.3939999999999999
103,segment,segment_2_alpha=0.5,product,intersection,62.0,5000,0.3772,0.6228,0.7544
103,segment,segment_2_alpha=0.5,product,distance,3614.5299248600004,5000,0.7404,0.25960000000000005,0.5192000000000001
103,segment,segment_2_alpha=0.5,product,angle,6402.024145506299,5000,0.063,0.937,0.126
103,segment,segment_2_alpha=0.5,square,intersection,52.0,5000,0.473,0.527,0.946
103,segment,segment_2_alpha=0.5,square,distance,2860.44658497,5000,0.7128,0.2872,0.5744
103,segment,segment_2_alpha=0.5,square,angle,5769.134373395554,5000,1.0,0.0,0.0
103,segment,segment_2_alpha=0.5,first_mark,intersection,114.0,5000,0.3706,0.6294,0.7412
103,segment,segment_2_alpha=0.5,first_mark,distance,6474.976509830001,5000,0.7946,0.20540000000000003,0.41080000000000005
103,segment,segment_2_alpha=0.5,first_mark,angle,12171.158518901853,5000,0.46,0.54,0.92
103,ball,ball_0_alpha=0.75,product,intersection,1476.0,5000,0.7462,0.2538,0.5076
103,ball,ball_0_alpha=0.75,product,shared_area,18.06321450021308,5000,0.866,0.134,0.268
103,ball,ball_0_alpha=0.75,product,distance,4815.626123648879,5000,0.1654,0.8346,0.3308
103,ball,ball_0_alpha=0.75,square,intersection,420.0,5000,0.2706,0.7294,0.5412
103,ball,ball_0_alpha=0.75,square,shared_area,4.9567060300341765,5000,0.2288,0.7712,0.4576
103,ball,ball_0_alpha=0.75,square,distance,1506.9569829749937,5000,0.8034,0.1966,0.3932
103,ball,ball_0_alpha=0.75,first_mark,intersection,1896.0,5000,0.7552,0.24480000000000002,0.48960000000000004
103,ball,ball_0_alpha=0.75,first_mark,shared_area,23.019920530247255,5000,0.8932,0.1068,0.2136
103,ball,ball_0_alpha=0.75,first_mark,distance,6322.5831066238725,5000,0.1534,0.8466,0.3068
103,segment,segment_1_alpha=0.75,product,intersection,22.0,5000,0.4594,0.5406,0.9188
103,segment,segment_1_alpha=0.75,product,distance,1241.01223936,5000,0.5658,0.43420000000000003,0.8684000000000001
103,segment,segment_1_alpha=0.75,product,angle,2386.881734335441,5000,0.5432,0.4568,0.9136
103,segment,segment_1_alpha=0.75,square,intersection,44.0,5000,0.3248,0.6752,0.6496
103,segment,segment_1_alpha=0.75,square,distance,2563.73407364,5000,0.4954,0.5045999999999999,0.9908
103,segment,segment_1_alpha=0.75,square,angle,4937.513730971933,5000,0.5174,0.48260000000000003,0.9652000000000001
103,segment,segment_1_alpha=0.75,first_mark,intersection,66.0,5000,0.3726,0.6274,0.7452
103,segment,segment_1_alpha=0.75,first_mark,distance,3804.7463129999996,5000,0.5404,0.4596,0.9192
103,segment,segment_1_alpha=0.75,first_mark,angle,7324.395465307374,5000,0.5384,0.4616,0.9232
103,segment,segment_2_alpha=0.75,product,intersection,50.0,5000,0.2646,0.7354,0.5292
103,segment,segment_2_alpha=0.75,product,distance,2947.05974842,5000,0.1072,0.8928,0.2144
103,segment,segment_2_alpha=0.75,product,angle,5363.348292110477,5000,0.0056,0.9944,0.0112
103,segment,segment_2_alpha=0.75,square,intersection,56.0,5000,0.78,0.21999999999999997,0.43999999999999995
103,segment,segment_2_alpha=0.75,square,distance,2967.9947773199997,5000,0.9966,0.0033999999999999586,0.006799999999999917
103,segment,segment_2_alpha=0.75,square,angle,6031.7555154587035,5000,1.0,0.0,0.0
103,segment,segment_2_alpha=0.75,first_mark,intersection,106.0,5000,0.452,0.548,0.904
103,segment,segment_2_alpha=0.75,first_mark,distance,5915.054525739999,5000,0.2726,0.7274,0.5452
103,segment,segment_2_alpha=0.75,first_mark,angle,11395.10380756918,5000,0.3136,0.6864,0.6272
103,ball,ball_0_alpha=1,product,intersection,1488.0,5000,0.1818,0.8182,0.3636
103,ball,ball_0_alpha=1,product,shared_area,19.003834329483823,5000,0.5668,0.43320000000000003,0.8664000000000001
103,ball,ball_0_alpha=1,product,distance,5291.486107336499,5000,0.9782,0.02180000000000004,0.04360000000000008
103,ball,ball_0_alpha=1,square,intersection,444.0,5000,0.8838,0.11619999999999997,0.23239999999999994
103,ball,ball_0_alpha=1,square,shared_area,5.0289198610620165,5000,0.2704,0.7296,0.5408
103,ball,ball_0_alpha=1,square,distance,1312.1705208992746,5000,0.0206,0.9794,0.0412
103,ball,ball_0_alpha=1,first_mark,intersection,1932.0,5000,0.2604,0.7396,0.5208
103,ball,ball_0_alpha=1,first_mark,shared_area,24.032754190545845,5000,0.4322,0.5678000000000001,0.8644
103,ball,ball_0_alpha=1,first_mark,distance,6603.656628235774,5000,0.9768,0.0232,0.0464
103,segment,segment_1_alpha=1,product,intersection,6.0,5000,0.3698,0.6302,0.7396
103,segment,segment_1_alpha=1,product,distance,507.57234744000004,5000,0.721,0.279,0.558
103,segment,segment_1_alpha=1,product,angle,920.5363354944886,5000,0.278,0.722,0.556
103,segment,segment_1_alpha=1,square,intersection,32.0,5000,0.9306,0.06940000000000002,0.13880000000000003
103,segment,segment_1_alpha=1,square,distance,1944.2674517,5000,0.6782,0.3218,0.6436
103,segment,segment_1_alpha=1,square,angle,3679.7657913704693,5000,0.1564,0.8436,0.3128
103,segment,segment_1_alpha=1,first_mark,intersection,38.0,5000,0.8654,0.13460000000000005,0.2692000000000001
103,segment,segment_1_alpha=1,first_mark,distance,2451.8397991399997,5000,0.7006,0.2994,0.5988
103,segment,segment_1_alpha=1,first_mark,angle,4600.302126864958,5000,0.1998,0.8002,0.3996
103,segment,segment_2_alpha=1,product,intersection,50.0,5000,0.9082,0.09179999999999999,0.18359999999999999
103,segment,segment_2_alpha=1,product,distance,2914.25294392,5000,0.4716,0.5284,0.9432
103,segment,segment_2_alpha=1,product,angle,4545.007758472624,5000,0.0,1.0,0.0
103,segment,segment_2_alpha=1,square,intersection,38.0,5000,0.3874,0.6126,0.7748
103,segment,segment_2_alpha=1,square,distance,2907.4715920599997,5000,0.0946,0.9054,0.1892
103,segment,segment_2_alpha=1,square,angle,6960.777971143379,5000,1.0,0.0,0.0
103,segment,segment_2_alpha=1,first_mark,intersection,88.0,5000,0.9456,0.054400000000000004,0.10880000000000001
103,segment,segment_2_alpha=1,first_mark,distance,5821.72453598,5000,0.4186,0.5813999999999999,0.8372
103,segment,segment_2_alpha=1,first_mark,angle,11505.785729616002,5000,0.5696,0.4304,0.8608
