Seed,Grain Type,Model,f-Mark Type,Weight Type,Value,Permutation Test Count,Left p-value,Right p-value,Both Sided p-value
43,ball,ball_0_alpha=0,product,intersection,798.0,5000,0.8902,0.10980000000000001,0.21960000000000002
43,ball,ball_0_alpha=0,product,shared_area,10.22009165098109,5000,0.8084,0.1916,0.3832
43,ball,ball_0_alpha=0,product,distance,2313.472763328269,5000,0.066,0.9339999999999999,0.132
43,ball,ball_0_alpha=0,square,intersection,647.0,5000,0.0586,0.9414,0.1172
43,ball,ball_0_alpha=0,square,shared_area,8.282548116017434,5000,0.0798,0.9202,0.1596
43,ball,ball_0_alpha=0,square,distance,2245.4118693794826,5000,0.9584,0.04159999999999997,0.08319999999999994
43,ball,ball_0_alpha=0,first_mark,intersection,1445.0,5000,0.7282,0.27180000000000004,0.5436000000000001
43,ball,ball_0_alpha=0,first_mark,shared_area,18.502639766998527,5000,0.5532,0.4468,0.8936
43,ball,ball_0_alpha=0,first_mark,distance,4558.884632707752,5000,0.098,0.902,0.196
43,segment,segment_1_alpha=0,product,intersection,88.0,5000,0.9954,0.0046000000000000485,0.009200000000000097
43,segment,segment_1_alpha=0,product,distance,3272.38114018,5000,0.027,0.973,0.054
43,segment,segment_1_alpha=0,product,angle,6648.244686515337,5000,0.2052,0.7948,0.4104
43,segment,segment_1_alpha=0,square,intersection,45.0,5000,0.0418,0.9582,0.0836
43,segment,segment_1_alpha=0,square,distance,3151.58068558,5000,0.9726,0.02739999999999998,0.05479999999999996
43,segment,segment_1_alpha=0,square,angle,6148.056883717834,5000,0.4278,0.5722,0.8556
43,segment,segment_1_alpha=0,first_mark,intersection,133.0,5000,0.9914,0.008600000000000052,0.017200000000000104
43,segment,segment_1_alpha=0,first_mark,distance,6423.9618257600005,5000,0.0498,0.9502,0.0996
43,segment,segment_1_alpha=0,first_mark,angle,12796.301570233172,5000,0.1712,0.8288,0.3424
43,segment,segment_2_alpha=0,product,intersection,88.0,5000,0.9908,0.009199999999999986,0.018399999999999972
43,segment,segment_2_alpha=0,product,distance,3272.38114018,5000,0.0306,0.9694,0.0612
43,segment,segment_2_alpha=0,product,angle,6648.244686515337,5000,0.202,0.798,0.404
43,segment,segment_2_alpha=0,square,intersection,45.0,5000,0.0446,0.9554,0.0892
43,segment,segment_2_alpha=0,square,distance,3151.58068558,5000,0.9726,0.02739999999999998,0.05479999999999996
43,segment,segment_2_alpha=0,square,angle,6148.056883717834,5000,0.4402,0.5598000000000001,0.8804
43,segment,segment_2_alpha=0,first_mark,intersection,133.0,5000,0.9878,0.012199999999999989,0.024399999999999977
43,segment,segment_2_alpha=0,first_mark,distance,6423.9618257600005,5000,0.0514,0.9486,0.1028
43,segment,segment_2_alpha=0,first_mark,angle,12796.301570233172,5000,0.1732,0.8268,0.3464
43,ball,ball_0_alpha=0.25,product,intersection,926.0,5000,0.4218,0.5782,0.8436
43,ball,ball_0_alpha=0.25,product,shared_area,11.576858600919985,5000,0.4002,0.5998,0.8004
43,ball,ball_0_alpha=0.25,product,distance,3164.874174685371,5000,0.5852,0.41479999999999995,0.8295999999999999
43,ball,ball_0_alpha=0.25,square,intersection,662.0,5000,0.8376,0.1624,0.3248
43,ball,ball_0_alpha=0.25,square,shared_area,8.392894306082281,5000,0.8286,0.1714,0.3428
43,ball,ball_0_alpha=0.25,square,distance,2153.811283919764,5000,0.331,0.669,0.662
43,ball,ball_0_alpha=0.25,first_mark,intersection,1588.0,5000,0.5868,0.4132,0.8264
43,ball,ball_0_alpha=0.25,first_mark,shared_area,19.969752907002267,5000,0.5526,0.4474,0.8948
43,ball,ball_0_alpha=0.25,first_mark,distance,5318.685458605135,5000,0.5596,0.4404,0.8808
43,segment,segment_1_alpha=0.25,product,intersection,42.0,5000,0.1064,0.8936,0.2128
43,segment,segment_1_alpha=0.25,product,distance,3003.4425476399997,5000,0.6718,0.32820000000000005,0.6564000000000001
43,segment,segment_1_alpha=0.25,product,angle,5177.795355749141,5000,0.0188,0.9812,0.0376
43,segment,segment_1_alpha=0.25,square,intersection,54.0,5000,0.4208,0.5791999999999999,0.8416
43,segment,segment_1_alpha=0.25,square,distance,3112.4050809299997,5000,0.1506,0.8493999999999999,0.3012
43,segment,segment_1_alpha=0.25,square,angle,5960.02911858705,5000,0.8058,0.19420000000000004,0.3884000000000001
43,segment,segment_1_alpha=0.25,first_mark,intersection,96.0,5000,0.0694,0.9306,0.1388
43,segment,segment_1_alpha=0.25,first_mark,distance,6115.84762857,5000,0.6284,0.37160000000000004,0.7432000000000001
43,segment,segment_1_alpha=0.25,first_mark,angle,11137.824474336194,5000,0.0204,0.9796,0.0408
43,segment,segment_2_alpha=0.25,product,intersection,64.0,5000,0.5672,0.43279999999999996,0.8655999999999999
43,segment,segment_2_alpha=0.25,product,distance,3498.64196828,5000,0.3104,0.6896,0.6208
43,segment,segment_2_alpha=0.25,product,angle,6114.208785335546,5000,0.0044,0.9956,0.0088
43,segment,segment_2_alpha=0.25,square,intersection,46.0,5000,0.0492,0.9508,0.0984
43,segment,segment_2_alpha=0.25,square,distance,3110.2000325,5000,0.6098,0.3902,0.7804
43,segment,segment_2_alpha=0.25,square,angle,6196.738972231167,5000,0.9994,0.0006000000000000449,0.0012000000000000899
43,segment,segment_2_alpha=0.25,first_mark,intersection,110.0,5000,0.1778,0.8222,0.3556
43,segment,segment_2_alpha=0.25,first_mark,distance,6608.84200078,5000,0.3062,0.6938,0.6124
43,segment,segment_2_alpha=0.25,first_mark,angle,12310.947757566713,5000,0.055,0.945,0.11
43,ball,ball_0_alpha=0.5,product,intersection,998.0,5000,0.674,0.32599999999999996,0.6519999999999999
43,ball,ball_0_alpha=0.5,product,shared_area,12.6756639634057,5000,0.587,0.41300000000000003,0.8260000000000001
43,ball,ball_0_alpha=0.5,product,distance,3268.7511244465577,5000,0.256,0.744,0.512
43,ball,ball_0_alpha=0.5,square,intersection,615.0,5000,0.3218,0.6782,0.6436
43,ball,ball_0_alpha=0.5,square,shared_area,7.77359823483462,5000,0.24,0.76,0.48
43,ball,ball_0_alpha=0.5,square,distance,2136.493158781492,5000,0.754,0.246,0.492
43,ball,ball_0_alpha=0.5,first_mark,intersection,1613.0,5000,0.6534,0.3466,0.6932
43,ball,ball_0_alpha=0.5,first_mark,shared_area,20.44926219824032,5000,0.4512,0.5488,0.9024
43,ball,ball_0_alpha=0.5,first_mark,distance,5405.24428322805,5000,0.2612,0.7388,0.5224
43,segment,segment_1_alpha=0.5,product,intersection,22.0,5000,0.244,0.756,0.488
43,segment,segment_1_alpha=0.5,product,distance,1456.0542123999999,5000,0.4016,0.5984,0.8032
43,segment,segment_1_alpha=0.5,product,angle,2920.355745454968,5000,0.7826,0.21740000000000004,0.4348000000000001
43,segment,segment_1_alpha=0.5,square,intersection,52.0,5000,0.6342,0.3658,0.7316
43,segment,segment_1_alpha=0.5,square,distance,2807.80963704,5000,0.2464,0.7536,0.4928
43,segment,segment_1_alpha=0.5,square,angle,5419.77114783821,5000,0.661,0.33899999999999997,0.6779999999999999
43,segment,segment_1_alpha=0.5,first_mark,intersection,74.0,5000,0.393,0.607,0.786
43,segment,segment_1_alpha=0.5,first_mark,distance,4263.86384944,5000,0.3446,0.6554,0.6892
43,segment,segment_1_alpha=0.5,first_mark,angle,8340.126893293178,5000,0.752,0.248,0.496
43,segment,segment_2_alpha=0.5,product,intersection,36.0,5000,0.0066,0.9934,0.0132
43,segment,segment_2_alpha=0.5,product,distance,3100.0800317000003,5000,0.4002,0.5998,0.8004
43,segment,segment_2_alpha=0.5,product,angle,5374.831988700602,5000,0.0036,0.9964,0.0072
43,segment,segment_2_alpha=0.5,square,intersection,62.0,5000,0.901,0.09899999999999998,0.19799999999999995
43,segment,segment_2_alpha=0.5,square,distance,3132.5499393900004,5000,0.7998,0.20020000000000004,0.4004000000000001
43,segment,segment_2_alpha=0.5,square,angle,6191.977945909137,5000,0.9992,0.0008000000000000229,0.0016000000000000458
43,segment,segment_2_alpha=0.5,first_mark,intersection,98.0,5000,0.0458,0.9542,0.0916
43,segment,segment_2_alpha=0.5,first_mark,distance,6232.62997109,5000,0.4336,0.5664,0.8672
43,segment,segment_2_alpha=0.5,first_mark,angle,11566.809934609739,5000,0.0496,0.9504,0.0992
43,ball,ball_0_alpha=0.75,product,intersection,1114.0,5000,0.8842,0.11580000000000001,0.23160000000000003
43,ball,ball_0_alpha=0.75,product,shared_area,14.663243504214037,5000,0.8946,0.10540000000000005,0.2108000000000001
43,ball,ball_0_alpha=0.75,product,distance,3542.116431690427,5000,0.458,0.542,0.916
43,ball,ball_0_alpha=0.75,square,intersection,614.0,5000,0.3628,0.6372,0.7256
43,ball,ball_0_alpha=0.75,square,shared_area,7.9916631362550845,5000,0.4636,0.5364,0.9272
43,ball,ball_0_alpha=0.75,square,distance,2070.0841736942048,5000,0.4884,0.5116,0.9768
43,ball,ball_0_alpha=0.75,first_mark,intersection,1728.0,5000,0.9364,0.06359999999999999,0.12719999999999998
43,ball,ball_0_alpha=0.75,first_mark,shared_area,22.65490664046912,5000,0.9612,0.038799999999999946,0.07759999999999989
43,ball,ball_0_alpha=0.75,first_mark,distance,5612.200605384631,5000,0.4362,0.5638000000000001,0.8724
43,segment,segment_1_alpha=0.75,product,intersection,28.0,5000,0.73,0.27,0.54
43,segment,segment_1_alpha=0.75,product,distance,1351.86694012,5000,0.783,0.21699999999999997,0.43399999999999994
43,segment,segment_1_alpha=0.75,product,angle,2451.039020091946,5000,0.1316,0.8684000000000001,0.2632
43,segment,segment_1_alpha=0.75,square,intersection,40.0,5000,0.051,0.949,0.102
43,segment,segment_1_alpha=0.75,square,distance,2774.56283066,5000,0.8364,0.16359999999999997,0.32719999999999994
43,segment,segment_1_alpha=0.75,square,angle,5413.030336044564,5000,0.232,0.768,0.464
43,segment,segment_1_alpha=0.75,first_mark,intersection,68.0,5000,0.303,0.6970000000000001,0.606
43,segment,segment_1_alpha=0.75,first_mark,distance,4126.42977078,5000,0.8096,0.1904,0.3808
43,segment,segment_1_alpha=0.75,first_mark,angle,7864.06935613651,5000,0.1488,0.8512,0.2976
43,segment,segment_2_alpha=0.75,product,intersection,46.0,5000,0.3294,0.6706,0.6588
43,segment,segment_2_alpha=0.75,product,distance,2977.71226828,5000,0.978,0.02200000000000002,0.04400000000000004
43,segment,segment_2_alpha=0.75,product,angle,4715.356368202629,5000,0.0002,0.9998,0.0004
43,segment,segment_2_alpha=0.75,square,intersection,51.0,5000,0.1816,0.8184,0.3632
43,segment,segment_2_alpha=0.75,square,distance,3117.49275169,5000,0.7906,0.20940000000000003,0.41880000000000006
43,segment,segment_2_alpha=0.75,square,angle,7018.170679560959,5000,1.0,0.0,0.0
43,segment,segment_2_alpha=0.75,first_mark,intersection,97.0,5000,0.1706,0.8294,0.3412
43,segment,segment_2_alpha=0.75,first_mark,distance,6095.205019970001,5000,0.9776,0.022399999999999975,0.04479999999999995
43,segment,segment_2_alpha=0.75,first_mark,angle,11733.527047763588,5000,0.396,0.604,0.792
43,ball,ball_0_alpha=1,product,intersection,1532.0,5000,0.7792,0.2208,0.4416
43,ball,ball_0_alpha=1,product,shared_area,21.321256334420948,5000,0.9792,0.02080000000000004,0.04160000000000008
43,ball,ball_0_alpha=1,product,distance,5037.29226950231,5000,0.5918,0.4082,0.8164
43,ball,ball_0_alpha=1,square,intersection,496.0,5000,0.4204,0.5796,0.8408
43,ball,ball_0_alpha=1,square,shared_area,6.106345577132065,5000,0.1094,0.8906000000000001,0.2188
43,ball,ball_0_alpha=1,square,distance,1655.1220100488492,5000,0.381,0.619,0.762
43,ball,ball_0_alpha=1,first_mark,intersection,2028.0,5000,0.8752,0.12480000000000002,0.24960000000000004
43,ball,ball_0_alpha=1,first_mark,shared_area,27.427601911553012,5000,0.9954,0.0046000000000000485,0.009200000000000097
43,ball,ball_0_alpha=1,first_mark,distance,6692.414279551159,5000,0.572,0.42800000000000005,0.8560000000000001
43,segment,segment_1_alpha=1,product,intersection,22.0,5000,0.5502,0.4498,0.8996
43,segment,segment_1_alpha=1,product,distance,1051.9138702599998,5000,0.4572,0.5428,0.9144
43,segment,segment_1_alpha=1,product,angle,1977.2861992176427,5000,0.3944,0.6056,0.7888
43,segment,segment_1_alpha=1,square,intersection,48.0,5000,0.2794,0.7206,0.5588
43,segment,segment_1_alpha=1,square,distance,2641.5267610299998,5000,0.8914,0.10860000000000003,0.21720000000000006
43,segment,segment_1_alpha=1,square,angle,4930.28277609161,5000,0.5324,0.4676,0.9352
43,segment,segment_1_alpha=1,first_mark,intersection,70.0,5000,0.4038,0.5962000000000001,0.8076
43,segment,segment_1_alpha=1,first_mark,distance,3693.4406312899996,5000,0.6952,0.30479999999999996,0.6095999999999999
43,segment,segment_1_alpha=1,first_mark,angle,6907.568975309252,5000,0.4518,0.5482,0.9036
43,segment,segment_2_alpha=1,product,intersection,66.0,5000,0.6736,0.3264,0.6528
43,segment,segment_2_alpha=1,product,distance,3135.38584178,5000,0.5324,0.4676,0.9352
43,segment,segment_2_alpha=1,product,angle,4625.300531356803,5000,0.0,1.0,0.0
43,segment,segment_2_alpha=1,square,intersection,58.0,5000,0.2628,0.7372000000000001,0.5256
43,segment,segment_2_alpha=1,square,distance,3120.02691096,5000,0.3984,0.6016,0.7968
43,segment,segment_2_alpha=1,square,angle,7290.382712863222,5000,1.0,0.0,0.0
43,segment,segment_2_alpha=1,first_mark,intersection,124.0,5000,0.5834,0.41659999999999997,0.8331999999999999
43,segment,segment_2_alpha=1,first_mark,distance,6255.41275274,5000,0.5136,0.48640000000000005,0.9728000000000001
43,segment,segment_2_alpha=1,first_mark,angle,11915.683244220027,5000,0.5702,0.42979999999999996,0.8595999999999999
