Seed,Grain Type,Model,f-Mark Type,Weight Type,Value,Permutation Test Count,Left p-value,Right p-value,Both Sided p-value
73,ball,ball_0_alpha=0,product,intersection,592.0,5000,0.858,0.14200000000000002,0.28400000000000003
73,ball,ball_0_alpha=0,product,shared_area,8.246558142075212,5000,0.914,0.08599999999999997,0.17199999999999993
73,ball,ball_0_alpha=0,product,distance,2023.5363599978227,5000,0.8244,0.17559999999999998,0.35119999999999996
73,ball,ball_0_alpha=0,square,intersection,446.0,5000,0.0634,0.9366,0.1268
73,ball,ball_0_alpha=0,square,shared_area,5.76786389804073,5000,0.0428,0.9572,0.0856
73,ball,ball_0_alpha=0,square,distance,1642.276324631915,5000,0.5532,0.4468,0.8936
73,ball,ball_0_alpha=0,first_mark,intersection,1038.0,5000,0.685,0.31499999999999995,0.6299999999999999
73,ball,ball_0_alpha=0,first_mark,shared_area,14.014422040115942,5000,0.751,0.249,0.498
73,ball,ball_0_alpha=0,first_mark,distance,3665.8126846297373,5000,0.8482,0.15180000000000005,0.3036000000000001
73,segment,segment_1_alpha=0,product,intersection,32.0,5000,0.1082,0.8918,0.2164
73,segment,segment_1_alpha=0,product,distance,2805.75018524,5000,0.8352,0.16479999999999995,0.3295999999999999
73,segment,segment_1_alpha=0,product,angle,5432.805203287767,5000,0.3186,0.6814,0.6372
73,segment,segment_1_alpha=0,square,intersection,37.0,5000,0.7326,0.26739999999999997,0.5347999999999999
73,segment,segment_1_alpha=0,square,distance,2304.94282084,5000,0.6346,0.36539999999999995,0.7307999999999999
73,segment,segment_1_alpha=0,square,angle,4639.809317384558,5000,0.5712,0.42879999999999996,0.8575999999999999
73,segment,segment_1_alpha=0,first_mark,intersection,69.0,5000,0.1632,0.8368,0.3264
73,segment,segment_1_alpha=0,first_mark,distance,5110.69300608,5000,0.863,0.137,0.274
73,segment,segment_1_alpha=0,first_mark,angle,10072.614520672325,5000,0.2928,0.7072,0.5856
73,segment,segment_2_alpha=0,product,intersection,32.0,5000,0.1048,0.8952,0.2096
73,segment,segment_2_alpha=0,product,distance,2805.75018524,5000,0.8266,0.1734,0.3468
73,segment,segment_2_alpha=0,product,angle,5432.805203287767,5000,0.3206,0.6794,0.6412
73,segment,segment_2_alpha=0,square,intersection,37.0,5000,0.7264,0.27359999999999995,0.5471999999999999
73,segment,segment_2_alpha=0,square,distance,2304.94282084,5000,0.6412,0.3588,0.7176
73,segment,segment_2_alpha=0,square,angle,4639.809317384558,5000,0.5648,0.43520000000000003,0.8704000000000001
73,segment,segment_2_alpha=0,first_mark,intersection,69.0,5000,0.1526,0.8473999999999999,0.3052
73,segment,segment_2_alpha=0,first_mark,distance,5110.69300608,5000,0.8574,0.14259999999999995,0.2851999999999999
73,segment,segment_2_alpha=0,first_mark,angle,10072.614520672325,5000,0.2988,0.7012,0.5976
73,ball,ball_0_alpha=0.25,product,intersection,426.0,5000,0.185,0.815,0.37
73,ball,ball_0_alpha=0.25,product,shared_area,5.086185590620927,5000,0.1364,0.8636,0.2728
73,ball,ball_0_alpha=0.25,product,distance,1665.5664446433198,5000,0.2444,0.7556,0.4888
73,ball,ball_0_alpha=0.25,square,intersection,449.0,5000,0.6932,0.30679999999999996,0.6135999999999999
73,ball,ball_0_alpha=0.25,square,shared_area,5.551231219641531,5000,0.6632,0.3368,0.6736
73,ball,ball_0_alpha=0.25,square,distance,1696.9308911641024,5000,0.8634,0.13660000000000005,0.2732000000000001
73,ball,ball_0_alpha=0.25,first_mark,intersection,875.0,5000,0.26,0.74,0.52
73,ball,ball_0_alpha=0.25,first_mark,shared_area,10.637416810262458,5000,0.1608,0.8392,0.3216
73,ball,ball_0_alpha=0.25,first_mark,distance,3362.497335807422,5000,0.3066,0.6934,0.6132
73,segment,segment_1_alpha=0.25,product,intersection,22.0,5000,0.0924,0.9076,0.1848
73,segment,segment_1_alpha=0.25,product,distance,1755.3179917599998,5000,0.1866,0.8134,0.3732
73,segment,segment_1_alpha=0.25,product,angle,3336.7843974041048,5000,0.2924,0.7076,0.5848
73,segment,segment_1_alpha=0.25,square,intersection,41.0,5000,0.7232,0.27680000000000005,0.5536000000000001
73,segment,segment_1_alpha=0.25,square,distance,2289.0929785,5000,0.6488,0.35119999999999996,0.7023999999999999
73,segment,segment_1_alpha=0.25,square,angle,4279.335828489806,5000,0.0518,0.9482,0.1036
73,segment,segment_1_alpha=0.25,first_mark,intersection,63.0,5000,0.1878,0.8122,0.3756
73,segment,segment_1_alpha=0.25,first_mark,distance,4044.4109702600003,5000,0.223,0.777,0.446
73,segment,segment_1_alpha=0.25,first_mark,angle,7616.12022589391,5000,0.246,0.754,0.492
73,segment,segment_2_alpha=0.25,product,intersection,26.0,5000,0.256,0.744,0.512
73,segment,segment_2_alpha=0.25,product,distance,1785.6358083,5000,0.3406,0.6594,0.6812
73,segment,segment_2_alpha=0.25,product,angle,3516.3960746081375,5000,0.7256,0.2744,0.5488
73,segment,segment_2_alpha=0.25,square,intersection,35.0,5000,0.212,0.788,0.424
73,segment,segment_2_alpha=0.25,square,distance,2309.20280313,5000,0.9292,0.07079999999999997,0.14159999999999995
73,segment,segment_2_alpha=0.25,square,angle,4458.931300841578,5000,0.9914,0.008600000000000052,0.017200000000000104
73,segment,segment_2_alpha=0.25,first_mark,intersection,61.0,5000,0.1242,0.8758,0.2484
73,segment,segment_2_alpha=0.25,first_mark,distance,4094.83861143,5000,0.4864,0.5136000000000001,0.9728
73,segment,segment_2_alpha=0.25,first_mark,angle,7975.327375449716,5000,0.9174,0.0826,0.1652
73,ball,ball_0_alpha=0.5,product,intersection,784.0,5000,0.5614,0.4386,0.8772
73,ball,ball_0_alpha=0.5,product,shared_area,10.334409465249918,5000,0.6774,0.3226,0.6452
73,ball,ball_0_alpha=0.5,product,distance,2792.8885213971216,5000,0.3954,0.6046,0.7908
73,ball,ball_0_alpha=0.5,square,intersection,386.0,5000,0.0296,0.9704,0.0592
73,ball,ball_0_alpha=0.5,square,shared_area,5.09790153635779,5000,0.1238,0.8762,0.2476
73,ball,ball_0_alpha=0.5,square,distance,1538.7679858763263,5000,0.8772,0.12280000000000002,0.24560000000000004
73,ball,ball_0_alpha=0.5,first_mark,intersection,1170.0,5000,0.1302,0.8698,0.2604
73,ball,ball_0_alpha=0.5,first_mark,shared_area,15.43231100160771,5000,0.4458,0.5542,0.8916
73,ball,ball_0_alpha=0.5,first_mark,distance,4331.656507273448,5000,0.5204,0.4796,0.9592
73,segment,segment_1_alpha=0.5,product,intersection,28.0,5000,0.5792,0.42079999999999995,0.8415999999999999
73,segment,segment_1_alpha=0.5,product,distance,1404.21817702,5000,0.213,0.787,0.426
73,segment,segment_1_alpha=0.5,product,angle,2801.7009191985508,5000,0.923,0.07699999999999996,0.15399999999999991
73,segment,segment_1_alpha=0.5,square,intersection,43.0,5000,0.7328,0.2672,0.5344
73,segment,segment_1_alpha=0.5,square,distance,2223.9440173099997,5000,0.6754,0.3246,0.6492
73,segment,segment_1_alpha=0.5,square,angle,4010.009095554471,5000,0.8168,0.18320000000000003,0.36640000000000006
73,segment,segment_1_alpha=0.5,first_mark,intersection,71.0,5000,0.7768,0.22319999999999995,0.4463999999999999
73,segment,segment_1_alpha=0.5,first_mark,distance,3628.16219433,5000,0.2898,0.7101999999999999,0.5796
73,segment,segment_1_alpha=0.5,first_mark,angle,6811.710014753021,5000,0.9048,0.09519999999999995,0.1903999999999999
73,segment,segment_2_alpha=0.5,product,intersection,54.0,5000,0.9436,0.056400000000000006,0.11280000000000001
73,segment,segment_2_alpha=0.5,product,distance,2263.65241374,5000,0.4366,0.5634,0.8732
73,segment,segment_2_alpha=0.5,product,angle,4337.176633740505,5000,0.9202,0.07979999999999998,0.15959999999999996
73,segment,segment_2_alpha=0.5,square,intersection,34.0,5000,0.0444,0.9556,0.0888
73,segment,segment_2_alpha=0.5,square,distance,2328.85760984,5000,0.9162,0.08379999999999999,0.16759999999999997
73,segment,segment_2_alpha=0.5,square,angle,4211.870019032428,5000,0.9714,0.02859999999999996,0.05719999999999992
73,segment,segment_2_alpha=0.5,first_mark,intersection,88.0,5000,0.8024,0.1976,0.3952
73,segment,segment_2_alpha=0.5,first_mark,distance,4592.51002358,5000,0.5514,0.4486,0.8972
73,segment,segment_2_alpha=0.5,first_mark,angle,8549.046652772935,5000,0.9578,0.042200000000000015,0.08440000000000003
73,ball,ball_0_alpha=0.75,product,intersection,826.0,5000,0.4932,0.5067999999999999,0.9864
73,ball,ball_0_alpha=0.75,product,shared_area,10.438244712683149,5000,0.6684,0.3316,0.6632
73,ball,ball_0_alpha=0.75,product,distance,3278.4065355886537,5000,0.9712,0.028800000000000048,0.057600000000000096
73,ball,ball_0_alpha=0.75,square,intersection,380.0,5000,0.3254,0.6746,0.6508
73,ball,ball_0_alpha=0.75,square,shared_area,4.726750015538226,5000,0.4198,0.5802,0.8396
73,ball,ball_0_alpha=0.75,square,distance,1416.1134671876757,5000,0.0662,0.9338,0.1324
73,ball,ball_0_alpha=0.75,first_mark,intersection,1206.0,5000,0.3772,0.6228,0.7544
73,ball,ball_0_alpha=0.75,first_mark,shared_area,15.164994728221375,5000,0.7026,0.2974,0.5948
73,ball,ball_0_alpha=0.75,first_mark,distance,4694.520002776329,5000,0.976,0.02400000000000002,0.04800000000000004
73,segment,segment_1_alpha=0.75,product,intersection,10.0,5000,0.4192,0.5808,0.8384
73,segment,segment_1_alpha=0.75,product,distance,641.7901186,5000,0.3592,0.6408,0.7184
73,segment,segment_1_alpha=0.75,product,angle,1274.9473317320899,5000,0.694,0.30600000000000005,0.6120000000000001
73,segment,segment_1_alpha=0.75,square,intersection,31.0,5000,0.6652,0.3348,0.6696
73,segment,segment_1_alpha=0.75,square,distance,1804.1720393,5000,0.2406,0.7594,0.4812
73,segment,segment_1_alpha=0.75,square,angle,3507.868909726354,5000,0.8338,0.16620000000000001,0.33240000000000003
73,segment,segment_1_alpha=0.75,first_mark,intersection,41.0,5000,0.6116,0.38839999999999997,0.7767999999999999
73,segment,segment_1_alpha=0.75,first_mark,distance,2445.9621579,5000,0.2964,0.7036,0.5928
73,segment,segment_1_alpha=0.75,first_mark,angle,4782.816241458444,5000,0.7788,0.22119999999999995,0.4423999999999999
73,segment,segment_2_alpha=0.75,product,intersection,26.0,5000,0.0074,0.9926,0.0148
73,segment,segment_2_alpha=0.75,product,distance,2765.62065288,5000,0.2802,0.7198,0.5604
73,segment,segment_2_alpha=0.75,product,angle,4643.061675956389,5000,0.001,0.999,0.002
73,segment,segment_2_alpha=0.75,square,intersection,46.0,5000,0.9914,0.008600000000000052,0.017200000000000104
73,segment,segment_2_alpha=0.75,square,distance,2296.9787775500004,5000,0.6658,0.33420000000000005,0.6684000000000001
73,segment,segment_2_alpha=0.75,square,angle,4805.133803932041,5000,1.0,0.0,0.0
73,segment,segment_2_alpha=0.75,first_mark,intersection,72.0,5000,0.0984,0.9016,0.1968
73,segment,segment_2_alpha=0.75,first_mark,distance,5062.59943043,5000,0.2764,0.7236,0.5528
73,segment,segment_2_alpha=0.75,first_mark,angle,9448.195479888429,5000,0.2436,0.7564,0.4872
73,ball,ball_0_alpha=1,product,intersection,1200.0,5000,0.927,0.07299999999999995,0.1459999999999999
73,ball,ball_0_alpha=1,product,shared_area,15.398813596585919,5000,0.9696,0.030399999999999983,0.060799999999999965
73,ball,ball_0_alpha=1,product,distance,3988.3920383143027,5000,0.0418,0.9582,0.0836
73,ball,ball_0_alpha=1,square,intersection,290.0,5000,0.1572,0.8428,0.3144
73,ball,ball_0_alpha=1,square,shared_area,3.4155411479596425,5000,0.063,0.937,0.126
73,ball,ball_0_alpha=1,square,distance,1156.7428198282134,5000,0.9402,0.059799999999999964,0.11959999999999993
73,ball,ball_0_alpha=1,first_mark,intersection,1490.0,5000,0.9616,0.03839999999999999,0.07679999999999998
73,ball,ball_0_alpha=1,first_mark,shared_area,18.814354744545557,5000,0.9752,0.024800000000000044,0.04960000000000009
73,ball,ball_0_alpha=1,first_mark,distance,5145.134858142515,5000,0.0324,0.9676,0.0648
73,segment,segment_1_alpha=1,product,intersection,4.0,5000,0.1724,0.8276,0.3448
73,segment,segment_1_alpha=1,product,distance,385.11235769999996,5000,0.1226,0.8774,0.2452
73,segment,segment_1_alpha=1,product,angle,855.8209131811203,5000,0.6228,0.3772,0.7544
73,segment,segment_1_alpha=1,square,intersection,25.0,5000,0.5942,0.40580000000000005,0.8116000000000001
73,segment,segment_1_alpha=1,square,distance,1551.1007791,5000,0.3182,0.6818,0.6364
73,segment,segment_1_alpha=1,square,angle,3193.3564829504508,5000,0.7108,0.2892,0.5784
73,segment,segment_1_alpha=1,first_mark,intersection,29.0,5000,0.3996,0.6004,0.7992
73,segment,segment_1_alpha=1,first_mark,distance,1936.2131368,5000,0.2084,0.7916,0.4168
73,segment,segment_1_alpha=1,first_mark,angle,4049.177396131571,5000,0.674,0.32599999999999996,0.6519999999999999
73,segment,segment_2_alpha=1,product,intersection,30.0,5000,0.4502,0.5498000000000001,0.9004
73,segment,segment_2_alpha=1,product,distance,2015.71516792,5000,0.515,0.485,0.97
73,segment,segment_2_alpha=1,product,angle,3197.502884952557,5000,0.0,1.0,0.0
73,segment,segment_2_alpha=1,square,intersection,37.0,5000,0.6694,0.3306,0.6612
73,segment,segment_2_alpha=1,square,distance,2303.41785358,5000,0.2606,0.7394000000000001,0.5212
73,segment,segment_2_alpha=1,square,angle,5512.94342246589,5000,1.0,0.0,0.0
73,segment,segment_2_alpha=1,first_mark,intersection,67.0,5000,0.6252,0.3748,0.7496
73,segment,segment_2_alpha=1,first_mark,distance,4319.1330215,5000,0.4702,0.5298,0.9404
73,segment,segment_2_alpha=1,first_mark,angle,8710.446307418448,5000,0.558,0.44199999999999995,0.8839999999999999
