Seed,Grain Type,Model,f-Mark Type,Weight Type,Value,Permutation Test Count,Left p-value,Right p-value,Both Sided p-value
91,ball,ball_0_alpha=0,product,intersection,518.0,5000,0.2202,0.7798,0.4404
91,ball,ball_0_alpha=0,product,shared_area,7.47164092199943,5000,0.7858,0.21419999999999995,0.4283999999999999
91,ball,ball_0_alpha=0,product,distance,1679.8753235282884,5000,0.7726,0.22740000000000005,0.4548000000000001
91,ball,ball_0_alpha=0,square,intersection,645.0,5000,0.8268,0.17320000000000002,0.34640000000000004
91,ball,ball_0_alpha=0,square,shared_area,8.119856582067037,5000,0.572,0.42800000000000005,0.8560000000000001
91,ball,ball_0_alpha=0,square,distance,1868.0463523029296,5000,0.8212,0.17879999999999996,0.3575999999999999
91,ball,ball_0_alpha=0,first_mark,intersection,1163.0,5000,0.3476,0.6524,0.6952
91,ball,ball_0_alpha=0,first_mark,shared_area,15.591497504066467,5000,0.8266,0.1734,0.3468
91,ball,ball_0_alpha=0,first_mark,distance,3547.921675831218,5000,0.7938,0.20620000000000005,0.4124000000000001
91,segment,segment_1_alpha=0,product,intersection,34.0,5000,0.1222,0.8778,0.2444
91,segment,segment_1_alpha=0,product,distance,2398.1247677,5000,0.8376,0.1624,0.3248
91,segment,segment_1_alpha=0,product,angle,5024.090516157205,5000,0.8438,0.1562,0.3124
91,segment,segment_1_alpha=0,square,intersection,51.0,5000,0.6738,0.32620000000000005,0.6524000000000001
91,segment,segment_1_alpha=0,square,distance,2671.35044371,5000,0.8444,0.15559999999999996,0.3111999999999999
91,segment,segment_1_alpha=0,square,angle,5532.175383628613,5000,0.675,0.32499999999999996,0.6499999999999999
91,segment,segment_1_alpha=0,first_mark,intersection,85.0,5000,0.2046,0.7954,0.4092
91,segment,segment_1_alpha=0,first_mark,distance,5069.47521141,5000,0.8574,0.14259999999999995,0.2851999999999999
91,segment,segment_1_alpha=0,first_mark,angle,10556.26589978582,5000,0.835,0.16500000000000004,0.33000000000000007
91,segment,segment_2_alpha=0,product,intersection,34.0,5000,0.1266,0.8734,0.2532
91,segment,segment_2_alpha=0,product,distance,2398.1247677,5000,0.8314,0.16859999999999997,0.33719999999999994
91,segment,segment_2_alpha=0,product,angle,5024.090516157205,5000,0.8452,0.15480000000000005,0.3096000000000001
91,segment,segment_2_alpha=0,square,intersection,51.0,5000,0.689,0.31100000000000005,0.6220000000000001
91,segment,segment_2_alpha=0,square,distance,2671.35044371,5000,0.8356,0.1644,0.3288
91,segment,segment_2_alpha=0,square,angle,5532.175383628613,5000,0.6646,0.33540000000000003,0.6708000000000001
91,segment,segment_2_alpha=0,first_mark,intersection,85.0,5000,0.208,0.792,0.416
91,segment,segment_2_alpha=0,first_mark,distance,5069.47521141,5000,0.8498,0.1502,0.3004
91,segment,segment_2_alpha=0,first_mark,angle,10556.26589978582,5000,0.837,0.16300000000000003,0.32600000000000007
91,ball,ball_0_alpha=0.25,product,intersection,1024.0,5000,0.3922,0.6078,0.7844
91,ball,ball_0_alpha=0.25,product,shared_area,12.795345675928056,5000,0.4118,0.5882000000000001,0.8236
91,ball,ball_0_alpha=0.25,product,distance,3153.6392517730847,5000,0.8236,0.1764,0.3528
91,ball,ball_0_alpha=0.25,square,intersection,583.0,5000,0.364,0.636,0.728
91,ball,ball_0_alpha=0.25,square,shared_area,7.217224693536682,5000,0.304,0.696,0.608
91,ball,ball_0_alpha=0.25,square,distance,1693.8288573960751,5000,0.1182,0.8818,0.2364
91,ball,ball_0_alpha=0.25,first_mark,intersection,1607.0,5000,0.301,0.6990000000000001,0.602
91,ball,ball_0_alpha=0.25,first_mark,shared_area,20.01257036946474,5000,0.2706,0.7294,0.5412
91,ball,ball_0_alpha=0.25,first_mark,distance,4847.46810916916,5000,0.8012,0.19879999999999998,0.39759999999999995
91,segment,segment_1_alpha=0.25,product,intersection,58.0,5000,0.5328,0.46719999999999995,0.9343999999999999
91,segment,segment_1_alpha=0.25,product,distance,2939.70955358,5000,0.9002,0.0998,0.1996
91,segment,segment_1_alpha=0.25,product,angle,5920.334224379606,5000,0.545,0.45499999999999996,0.9099999999999999
91,segment,segment_1_alpha=0.25,square,intersection,50.0,5000,0.2224,0.7776000000000001,0.4448
91,segment,segment_1_alpha=0.25,square,distance,2664.0894938799997,5000,0.4832,0.5167999999999999,0.9664
91,segment,segment_1_alpha=0.25,square,angle,5589.716691478564,5000,0.774,0.22599999999999998,0.45199999999999996
91,segment,segment_1_alpha=0.25,first_mark,intersection,108.0,5000,0.3694,0.6306,0.7388
91,segment,segment_1_alpha=0.25,first_mark,distance,5603.799047460001,5000,0.8988,0.10119999999999996,0.2023999999999999
91,segment,segment_1_alpha=0.25,first_mark,angle,11510.05091585817,5000,0.5814,0.41859999999999997,0.8371999999999999
91,segment,segment_2_alpha=0.25,product,intersection,60.0,5000,0.1814,0.8186,0.3628
91,segment,segment_2_alpha=0.25,product,distance,3493.4876338999998,5000,0.8696,0.13039999999999996,0.2607999999999999
91,segment,segment_2_alpha=0.25,product,angle,7128.123719868584,5000,0.6132,0.38680000000000003,0.7736000000000001
91,segment,segment_2_alpha=0.25,square,intersection,51.0,5000,0.3446,0.6554,0.6892
91,segment,segment_2_alpha=0.25,square,distance,2605.48722205,5000,0.1036,0.8964,0.2072
91,segment,segment_2_alpha=0.25,square,angle,5452.052426419806,5000,0.2026,0.7974,0.4052
91,segment,segment_2_alpha=0.25,first_mark,intersection,111.0,5000,0.0856,0.9144,0.1712
91,segment,segment_2_alpha=0.25,first_mark,distance,6098.97485595,5000,0.8582,0.14180000000000004,0.2836000000000001
91,segment,segment_2_alpha=0.25,first_mark,angle,12580.17614628839,5000,0.5754,0.4246,0.8492
91,ball,ball_0_alpha=0.5,product,intersection,962.0,5000,0.6504,0.3496,0.6992
91,ball,ball_0_alpha=0.5,product,shared_area,12.61160805613565,5000,0.7014,0.2986,0.5972
91,ball,ball_0_alpha=0.5,product,distance,2718.8988803895663,5000,0.297,0.7030000000000001,0.594
91,ball,ball_0_alpha=0.5,square,intersection,592.0,5000,0.2534,0.7465999999999999,0.5068
91,ball,ball_0_alpha=0.5,square,shared_area,7.592243100792131,5000,0.2392,0.7608,0.4784
91,ball,ball_0_alpha=0.5,square,distance,1781.4328723176477,5000,0.7618,0.23819999999999997,0.47639999999999993
91,ball,ball_0_alpha=0.5,first_mark,intersection,1554.0,5000,0.5762,0.42379999999999995,0.8475999999999999
91,ball,ball_0_alpha=0.5,first_mark,shared_area,20.203851156927776,5000,0.6194,0.38060000000000005,0.7612000000000001
91,ball,ball_0_alpha=0.5,first_mark,distance,4500.331752707214,5000,0.3116,0.6884,0.6232
91,segment,segment_1_alpha=0.5,product,intersection,40.0,5000,0.9848,0.015199999999999991,0.030399999999999983
91,segment,segment_1_alpha=0.5,product,distance,1387.50447994,5000,0.9292,0.07079999999999997,0.14159999999999995
91,segment,segment_1_alpha=0.5,product,angle,2496.1307701468695,5000,0.4164,0.5836,0.8328
91,segment,segment_1_alpha=0.5,square,intersection,43.0,5000,0.2706,0.7294,0.5412
91,segment,segment_1_alpha=0.5,square,distance,2476.6521128699997,5000,0.895,0.10499999999999998,0.20999999999999996
91,segment,segment_1_alpha=0.5,square,angle,4885.03581097437,5000,0.9626,0.03739999999999999,0.07479999999999998
91,segment,segment_1_alpha=0.5,first_mark,intersection,83.0,5000,0.972,0.028000000000000025,0.05600000000000005
91,segment,segment_1_alpha=0.5,first_mark,distance,3864.15659281,5000,0.9258,0.07420000000000004,0.1484000000000001
91,segment,segment_1_alpha=0.5,first_mark,angle,7381.16658112124,5000,0.6992,0.30079999999999996,0.6015999999999999
91,segment,segment_2_alpha=0.5,product,intersection,44.0,5000,0.854,0.14600000000000002,0.29200000000000004
91,segment,segment_2_alpha=0.5,product,distance,1912.8096070400002,5000,0.7292,0.27080000000000004,0.5416000000000001
91,segment,segment_2_alpha=0.5,product,angle,3356.398526359123,5000,0.0818,0.9182,0.1636
91,segment,segment_2_alpha=0.5,square,intersection,50.0,5000,0.5634,0.4366,0.8732
91,segment,segment_2_alpha=0.5,square,distance,2620.43526216,5000,0.7662,0.2338,0.4676
91,segment,segment_2_alpha=0.5,square,angle,5627.5483078768775,5000,1.0,0.0,0.0
91,segment,segment_2_alpha=0.5,first_mark,intersection,94.0,5000,0.9178,0.08220000000000005,0.1644000000000001
91,segment,segment_2_alpha=0.5,first_mark,distance,4533.2448692,5000,0.7476,0.25239999999999996,0.5047999999999999
91,segment,segment_2_alpha=0.5,first_mark,angle,8983.946834236001,5000,0.906,0.09399999999999997,0.18799999999999994
91,ball,ball_0_alpha=0.75,product,intersection,1238.0,5000,0.563,0.43700000000000006,0.8740000000000001
91,ball,ball_0_alpha=0.75,product,shared_area,15.433187771460695,5000,0.723,0.277,0.554
91,ball,ball_0_alpha=0.75,product,distance,3768.2499188122333,5000,0.7712,0.2288,0.4576
91,ball,ball_0_alpha=0.75,square,intersection,531.0,5000,0.6086,0.39139999999999997,0.7827999999999999
91,ball,ball_0_alpha=0.75,square,shared_area,6.405674063802909,5000,0.4778,0.5222,0.9556
91,ball,ball_0_alpha=0.75,square,distance,1538.3400042781823,5000,0.216,0.784,0.432
91,ball,ball_0_alpha=0.75,first_mark,intersection,1769.0,5000,0.6572,0.3428,0.6856
91,ball,ball_0_alpha=0.75,first_mark,shared_area,21.838861835263607,5000,0.7978,0.20220000000000005,0.4044000000000001
91,ball,ball_0_alpha=0.75,first_mark,distance,5306.589923090415,5000,0.7624,0.23760000000000003,0.47520000000000007
91,segment,segment_1_alpha=0.75,product,intersection,18.0,5000,0.351,0.649,0.702
91,segment,segment_1_alpha=0.75,product,distance,1110.87177724,5000,0.5896,0.4104,0.8208
91,segment,segment_1_alpha=0.75,product,angle,2332.570557656212,5000,0.784,0.21599999999999997,0.43199999999999994
91,segment,segment_1_alpha=0.75,square,intersection,43.0,5000,0.5868,0.4132,0.8264
91,segment,segment_1_alpha=0.75,square,distance,2339.57883761,5000,0.5402,0.4598,0.9196
91,segment,segment_1_alpha=0.75,square,angle,4767.263653249726,5000,0.6432,0.3568,0.7136
91,segment,segment_1_alpha=0.75,first_mark,intersection,61.0,5000,0.4816,0.5184,0.9632
91,segment,segment_1_alpha=0.75,first_mark,distance,3450.45061485,5000,0.5696,0.4304,0.8608
91,segment,segment_1_alpha=0.75,first_mark,angle,7099.834210905939,5000,0.741,0.259,0.518
91,segment,segment_2_alpha=0.75,product,intersection,74.0,5000,0.9464,0.05359999999999998,0.10719999999999996
91,segment,segment_2_alpha=0.75,product,distance,3211.5107764,5000,0.2352,0.7648,0.4704
91,segment,segment_2_alpha=0.75,product,angle,5879.897219547453,5000,0.0008,0.9992,0.0016
91,segment,segment_2_alpha=0.75,square,intersection,39.0,5000,0.0476,0.9524,0.0952
91,segment,segment_2_alpha=0.75,square,distance,2654.06852936,5000,0.9224,0.0776,0.1552
91,segment,segment_2_alpha=0.75,square,angle,5876.934898940703,5000,1.0,0.0,0.0
91,segment,segment_2_alpha=0.75,first_mark,intersection,113.0,5000,0.861,0.139,0.278
91,segment,segment_2_alpha=0.75,first_mark,distance,5865.57930576,5000,0.2952,0.7048,0.5904
91,segment,segment_2_alpha=0.75,first_mark,angle,11756.832118488157,5000,0.111,0.889,0.222
91,ball,ball_0_alpha=1,product,intersection,1374.0,5000,0.855,0.14500000000000002,0.29000000000000004
91,ball,ball_0_alpha=1,product,shared_area,19.324371405801678,5000,0.9984,0.0016000000000000458,0.0032000000000000917
91,ball,ball_0_alpha=1,product,distance,4004.5072101283267,5000,0.544,0.45599999999999996,0.9119999999999999
91,ball,ball_0_alpha=1,square,intersection,473.0,5000,0.1976,0.8024,0.3952
91,ball,ball_0_alpha=1,square,shared_area,5.37253820175466,5000,0.0132,0.9868,0.0264
91,ball,ball_0_alpha=1,square,distance,1476.7129061420476,5000,0.4684,0.5316000000000001,0.9368
91,ball,ball_0_alpha=1,first_mark,intersection,1847.0,5000,0.8772,0.12280000000000002,0.24560000000000004
91,ball,ball_0_alpha=1,first_mark,shared_area,24.69690960755634,5000,0.9992,0.0008000000000000229,0.0016000000000000458
91,ball,ball_0_alpha=1,first_mark,distance,5481.220116270375,5000,0.55,0.44999999999999996,0.8999999999999999
91,segment,segment_1_alpha=1,product,intersection,2.0,5000,0.0586,0.9414,0.1172
91,segment,segment_1_alpha=1,product,distance,323.18403472,5000,0.3826,0.6174,0.7652
91,segment,segment_1_alpha=1,product,angle,863.8227924514723,5000,0.9998,0.00019999999999997797,0.00039999999999995595
91,segment,segment_1_alpha=1,square,intersection,31.0,5000,0.787,0.21299999999999997,0.42599999999999993
91,segment,segment_1_alpha=1,square,distance,1543.68755678,5000,0.2716,0.7283999999999999,0.5432
91,segment,segment_1_alpha=1,square,angle,3608.3010703363793,5000,0.9992,0.0008000000000000229,0.0016000000000000458
91,segment,segment_1_alpha=1,first_mark,intersection,33.0,5000,0.4902,0.5098,0.9804
91,segment,segment_1_alpha=1,first_mark,distance,1866.8715915,5000,0.3086,0.6914,0.6172
91,segment,segment_1_alpha=1,first_mark,angle,4472.123862787852,5000,0.9994,0.0006000000000000449,0.0012000000000000899
91,segment,segment_2_alpha=1,product,intersection,42.0,5000,0.402,0.598,0.804
91,segment,segment_2_alpha=1,product,distance,2523.58441424,5000,0.4826,0.5174000000000001,0.9652
91,segment,segment_2_alpha=1,product,angle,4442.276698197111,5000,0.001,0.999,0.002
91,segment,segment_2_alpha=1,square,intersection,44.0,5000,0.314,0.6859999999999999,0.628
91,segment,segment_2_alpha=1,square,distance,2669.72784166,5000,0.5494,0.4506,0.9012
91,segment,segment_2_alpha=1,square,angle,6389.138010707233,5000,1.0,0.0,0.0
91,segment,segment_2_alpha=1,first_mark,intersection,86.0,5000,0.3102,0.6898,0.6204
91,segment,segment_2_alpha=1,first_mark,distance,5193.3122559,5000,0.481,0.519,0.962
91,segment,segment_2_alpha=1,first_mark,angle,10831.414708904345,5000,0.8738,0.12619999999999998,0.25239999999999996
