Seed,Grain Type,Model,f-Mark Type,Weight Type,Value,Permutation Test Count,Left p-value,Right p-value,Both Sided p-value
59,ball,ball_0_alpha=0,product,intersection,510.0,5000,0.2968,0.7032,0.5936
59,ball,ball_0_alpha=0,product,shared_area,5.754709316687511,5000,0.1306,0.8694,0.2612
59,ball,ball_0_alpha=0,product,distance,1640.8547344173526,5000,0.4892,0.5107999999999999,0.9784
59,ball,ball_0_alpha=0,square,intersection,599.0,5000,0.2176,0.7824,0.4352
59,ball,ball_0_alpha=0,square,shared_area,7.509451494097707,5000,0.4116,0.5884,0.8232
59,ball,ball_0_alpha=0,square,distance,1883.0945831852982,5000,0.9404,0.059599999999999986,0.11919999999999997
59,ball,ball_0_alpha=0,first_mark,intersection,1109.0,5000,0.212,0.788,0.424
59,ball,ball_0_alpha=0,first_mark,shared_area,13.26416081078522,5000,0.131,0.869,0.262
59,ball,ball_0_alpha=0,first_mark,distance,3523.949317602651,5000,0.591,0.40900000000000003,0.8180000000000001
59,segment,segment_1_alpha=0,product,intersection,34.0,5000,0.1256,0.8744000000000001,0.2512
59,segment,segment_1_alpha=0,product,distance,2317.66485292,5000,0.5022,0.4978,0.9956
59,segment,segment_1_alpha=0,product,angle,4981.601566185784,5000,0.717,0.28300000000000003,0.5660000000000001
59,segment,segment_1_alpha=0,square,intersection,50.0,5000,0.514,0.486,0.972
59,segment,segment_1_alpha=0,square,distance,2648.49467374,5000,0.9408,0.05920000000000003,0.11840000000000006
59,segment,segment_1_alpha=0,square,angle,5489.9174266110085,5000,0.365,0.635,0.73
59,segment,segment_1_alpha=0,first_mark,intersection,84.0,5000,0.1386,0.8613999999999999,0.2772
59,segment,segment_1_alpha=0,first_mark,distance,4966.15952666,5000,0.599,0.401,0.802
59,segment,segment_1_alpha=0,first_mark,angle,10471.518992796793,5000,0.6906,0.3094,0.6188
59,segment,segment_2_alpha=0,product,intersection,34.0,5000,0.1272,0.8728,0.2544
59,segment,segment_2_alpha=0,product,distance,2317.66485292,5000,0.4988,0.5012,0.9976
59,segment,segment_2_alpha=0,product,angle,4981.601566185784,5000,0.7358,0.2642,0.5284
59,segment,segment_2_alpha=0,square,intersection,50.0,5000,0.5064,0.49360000000000004,0.9872000000000001
59,segment,segment_2_alpha=0,square,distance,2648.49467374,5000,0.9372,0.06279999999999997,0.12559999999999993
59,segment,segment_2_alpha=0,square,angle,5489.9174266110085,5000,0.361,0.639,0.722
59,segment,segment_2_alpha=0,first_mark,intersection,84.0,5000,0.1312,0.8688,0.2624
59,segment,segment_2_alpha=0,first_mark,distance,4966.15952666,5000,0.6024,0.39759999999999995,0.7951999999999999
59,segment,segment_2_alpha=0,first_mark,angle,10471.518992796793,5000,0.7026,0.2974,0.5948
59,ball,ball_0_alpha=0.25,product,intersection,854.0,5000,0.873,0.127,0.254
59,ball,ball_0_alpha=0.25,product,shared_area,10.725846316846193,5000,0.9666,0.033399999999999985,0.06679999999999997
59,ball,ball_0_alpha=0.25,product,distance,2255.727626211038,5000,0.1186,0.8814,0.2372
59,ball,ball_0_alpha=0.25,square,intersection,586.0,5000,0.1148,0.8852,0.2296
59,ball,ball_0_alpha=0.25,square,shared_area,6.772672057758517,5000,0.1498,0.8502000000000001,0.2996
59,ball,ball_0_alpha=0.25,square,distance,1862.213067397653,5000,0.9534,0.046599999999999975,0.09319999999999995
59,ball,ball_0_alpha=0.25,first_mark,intersection,1440.0,5000,0.8264,0.17359999999999998,0.34719999999999995
59,ball,ball_0_alpha=0.25,first_mark,shared_area,17.49851837460471,5000,0.9774,0.022599999999999953,0.04519999999999991
59,ball,ball_0_alpha=0.25,first_mark,distance,4117.940693608691,5000,0.1556,0.8444,0.3112
59,segment,segment_1_alpha=0.25,product,intersection,38.0,5000,0.5498,0.45020000000000004,0.9004000000000001
59,segment,segment_1_alpha=0.25,product,distance,1957.1620933,5000,0.152,0.848,0.304
59,segment,segment_1_alpha=0.25,product,angle,3749.0228766548585,5000,0.0326,0.9674,0.0652
59,segment,segment_1_alpha=0.25,square,intersection,44.0,5000,0.2786,0.7214,0.5572
59,segment,segment_1_alpha=0.25,square,distance,2582.25324664,5000,0.128,0.872,0.256
59,segment,segment_1_alpha=0.25,square,angle,5197.905824858085,5000,0.0474,0.9526,0.0948
59,segment,segment_1_alpha=0.25,first_mark,intersection,82.0,5000,0.4492,0.5508,0.8984
59,segment,segment_1_alpha=0.25,first_mark,distance,4539.41533994,5000,0.1382,0.8618,0.2764
59,segment,segment_1_alpha=0.25,first_mark,angle,8946.928701512943,5000,0.027,0.973,0.054
59,segment,segment_2_alpha=0.25,product,intersection,60.0,5000,0.8112,0.18879999999999997,0.37759999999999994
59,segment,segment_2_alpha=0.25,product,distance,2720.55481282,5000,0.0484,0.9516,0.0968
59,segment,segment_2_alpha=0.25,product,angle,5488.135719395093,5000,0.0786,0.9214,0.1572
59,segment,segment_2_alpha=0.25,square,intersection,46.0,5000,0.3842,0.6158,0.7684
59,segment,segment_2_alpha=0.25,square,distance,2628.61292919,5000,0.7192,0.28080000000000005,0.5616000000000001
59,segment,segment_2_alpha=0.25,square,angle,5326.2934845937325,5000,0.8558,0.1442,0.2884
59,segment,segment_2_alpha=0.25,first_mark,intersection,106.0,5000,0.8484,0.15159999999999996,0.3031999999999999
59,segment,segment_2_alpha=0.25,first_mark,distance,5349.1677420099995,5000,0.0428,0.9572,0.0856
59,segment,segment_2_alpha=0.25,first_mark,angle,10814.429203988824,5000,0.082,0.918,0.164
59,ball,ball_0_alpha=0.5,product,intersection,1014.0,5000,0.7716,0.22840000000000005,0.4568000000000001
59,ball,ball_0_alpha=0.5,product,shared_area,13.145450346347639,5000,0.8876,0.11240000000000006,0.2248000000000001
59,ball,ball_0_alpha=0.5,product,distance,2866.639261831946,5000,0.2688,0.7312000000000001,0.5376
59,ball,ball_0_alpha=0.5,square,intersection,554.0,5000,0.18,0.8200000000000001,0.36
59,ball,ball_0_alpha=0.5,square,shared_area,6.56654509823125,5000,0.0798,0.9202,0.1596
59,ball,ball_0_alpha=0.5,square,distance,1761.7145765354428,5000,0.854,0.14600000000000002,0.29200000000000004
59,ball,ball_0_alpha=0.5,first_mark,intersection,1568.0,5000,0.725,0.275,0.55
59,ball,ball_0_alpha=0.5,first_mark,shared_area,19.711995444578893,5000,0.835,0.16500000000000004,0.33000000000000007
59,ball,ball_0_alpha=0.5,first_mark,distance,4628.3538383673895,5000,0.3192,0.6808000000000001,0.6384
59,segment,segment_1_alpha=0.5,product,intersection,30.0,5000,0.3246,0.6754,0.6492
59,segment,segment_1_alpha=0.5,product,distance,1651.90036664,5000,0.3464,0.6536,0.6928
59,segment,segment_1_alpha=0.5,product,angle,3300.0484969950085,5000,0.5126,0.48740000000000006,0.9748000000000001
59,segment,segment_1_alpha=0.5,square,intersection,51.0,5000,0.5748,0.4252,0.8504
59,segment,segment_1_alpha=0.5,square,distance,2562.1493971200002,5000,0.869,0.131,0.262
59,segment,segment_1_alpha=0.5,square,angle,4938.293337459136,5000,0.285,0.7150000000000001,0.57
59,segment,segment_1_alpha=0.5,first_mark,intersection,81.0,5000,0.4092,0.5908,0.8184
59,segment,segment_1_alpha=0.5,first_mark,distance,4214.04976376,5000,0.4802,0.5198,0.9604
59,segment,segment_1_alpha=0.5,first_mark,angle,8238.341834454144,5000,0.4618,0.5382,0.9236
59,segment,segment_2_alpha=0.5,product,intersection,54.0,5000,0.6164,0.38360000000000005,0.7672000000000001
59,segment,segment_2_alpha=0.5,product,distance,2616.2122191999997,5000,0.5438,0.45620000000000005,0.9124000000000001
59,segment,segment_2_alpha=0.5,product,angle,4992.749247135727,5000,0.312,0.688,0.624
59,segment,segment_2_alpha=0.5,square,intersection,50.0,5000,0.3394,0.6606000000000001,0.6788
59,segment,segment_2_alpha=0.5,square,distance,2637.50739792,5000,0.6064,0.39359999999999995,0.7871999999999999
59,segment,segment_2_alpha=0.5,square,angle,5319.751494830436,5000,0.9962,0.0038000000000000256,0.007600000000000051
59,segment,segment_2_alpha=0.5,first_mark,intersection,104.0,5000,0.582,0.41800000000000004,0.8360000000000001
59,segment,segment_2_alpha=0.5,first_mark,distance,5253.719617119999,5000,0.551,0.44899999999999995,0.8979999999999999
59,segment,segment_2_alpha=0.5,first_mark,angle,10312.500741966163,5000,0.583,0.41700000000000004,0.8340000000000001
59,ball,ball_0_alpha=0.75,product,intersection,948.0,5000,0.9148,0.08520000000000005,0.1704000000000001
59,ball,ball_0_alpha=0.75,product,shared_area,12.184141543886696,5000,0.9132,0.08679999999999999,0.17359999999999998
59,ball,ball_0_alpha=0.75,product,distance,2520.9907607149007,5000,0.2242,0.7758,0.4484
59,ball,ball_0_alpha=0.75,square,intersection,584.0,5000,0.2364,0.7636000000000001,0.4728
59,ball,ball_0_alpha=0.75,square,shared_area,7.137484230225571,5000,0.1576,0.8424,0.3152
59,ball,ball_0_alpha=0.75,square,distance,1796.4175132280168,5000,0.8194,0.18059999999999998,0.36119999999999997
59,ball,ball_0_alpha=0.75,first_mark,intersection,1532.0,5000,0.9402,0.059799999999999964,0.11959999999999993
59,ball,ball_0_alpha=0.75,first_mark,shared_area,19.321625774112267,5000,0.918,0.08199999999999996,0.16399999999999992
59,ball,ball_0_alpha=0.75,first_mark,distance,4317.408273942918,5000,0.2424,0.7576,0.4848
59,segment,segment_1_alpha=0.75,product,intersection,14.0,5000,0.2094,0.7906,0.4188
59,segment,segment_1_alpha=0.75,product,distance,1036.61447104,5000,0.7226,0.2774,0.5548
59,segment,segment_1_alpha=0.75,product,angle,2078.121223022522,5000,0.733,0.267,0.534
59,segment,segment_1_alpha=0.75,square,intersection,39.0,5000,0.389,0.611,0.778
59,segment,segment_1_alpha=0.75,square,distance,2262.79867374,5000,0.6468,0.35319999999999996,0.7063999999999999
59,segment,segment_1_alpha=0.75,square,angle,4507.293845152793,5000,0.5582,0.44179999999999997,0.8835999999999999
59,segment,segment_1_alpha=0.75,first_mark,intersection,53.0,5000,0.2192,0.7807999999999999,0.4384
59,segment,segment_1_alpha=0.75,first_mark,distance,3299.41314478,5000,0.6998,0.3002,0.6004
59,segment,segment_1_alpha=0.75,first_mark,angle,6585.415068175315,5000,0.6698,0.33020000000000005,0.6604000000000001
59,segment,segment_2_alpha=0.75,product,intersection,48.0,5000,0.5746,0.4254,0.8508
59,segment,segment_2_alpha=0.75,product,distance,2380.39826254,5000,0.023,0.977,0.046
59,segment,segment_2_alpha=0.75,product,angle,4984.701372952983,5000,0.1834,0.8166,0.3668
59,segment,segment_2_alpha=0.75,square,intersection,45.0,5000,0.3494,0.6506000000000001,0.6988
59,segment,segment_2_alpha=0.75,square,distance,2654.3836004199998,5000,0.9838,0.016199999999999992,0.032399999999999984
59,segment,segment_2_alpha=0.75,square,angle,5577.963665211022,5000,1.0,0.0,0.0
59,segment,segment_2_alpha=0.75,first_mark,intersection,93.0,5000,0.5252,0.4748,0.9496
59,segment,segment_2_alpha=0.75,first_mark,distance,5034.781862960001,5000,0.048,0.952,0.096
59,segment,segment_2_alpha=0.75,first_mark,angle,10562.665038164005,5000,0.7782,0.2218,0.4436
59,ball,ball_0_alpha=1,product,intersection,1790.0,5000,0.4922,0.5078,0.9844
59,ball,ball_0_alpha=1,product,shared_area,23.058229912807434,5000,0.509,0.491,0.982
59,ball,ball_0_alpha=1,product,distance,5174.1078121489445,5000,0.8668,0.13319999999999999,0.26639999999999997
59,ball,ball_0_alpha=1,square,intersection,356.0,5000,0.3906,0.6093999999999999,0.7812
59,ball,ball_0_alpha=1,square,shared_area,4.685472810171674,5000,0.5102,0.4898,0.9796
59,ball,ball_0_alpha=1,square,distance,961.1215467605223,5000,0.137,0.863,0.274
59,ball,ball_0_alpha=1,first_mark,intersection,2146.0,5000,0.4074,0.5926,0.8148
59,ball,ball_0_alpha=1,first_mark,shared_area,27.74370272297911,5000,0.52,0.48,0.96
59,ball,ball_0_alpha=1,first_mark,distance,6135.229358909467,5000,0.8664,0.13360000000000005,0.2672000000000001
59,segment,segment_1_alpha=1,product,intersection,16.0,5000,0.6786,0.3214,0.6428
59,segment,segment_1_alpha=1,product,distance,603.42337662,5000,0.0626,0.9374,0.1252
59,segment,segment_1_alpha=1,product,angle,1455.2471748052649,5000,0.7968,0.20320000000000005,0.4064000000000001
59,segment,segment_1_alpha=1,square,intersection,37.0,5000,0.2892,0.7108,0.5784
59,segment,segment_1_alpha=1,square,distance,1935.55644246,5000,0.0798,0.9202,0.1596
59,segment,segment_1_alpha=1,square,angle,4123.380739011196,5000,0.6646,0.33540000000000003,0.6708000000000001
59,segment,segment_1_alpha=1,first_mark,intersection,53.0,5000,0.5252,0.4748,0.9496
59,segment,segment_1_alpha=1,first_mark,distance,2538.9798190799997,5000,0.0662,0.9338,0.1324
59,segment,segment_1_alpha=1,first_mark,angle,5578.627913816462,5000,0.7344,0.26559999999999995,0.5311999999999999
59,segment,segment_2_alpha=1,product,intersection,52.0,5000,0.4216,0.5784,0.8432
59,segment,segment_2_alpha=1,product,distance,2510.26480838,5000,0.0204,0.9796,0.0408
59,segment,segment_2_alpha=1,product,angle,4445.125812092143,5000,0.0,1.0,0.0
59,segment,segment_2_alpha=1,square,intersection,60.0,5000,0.958,0.04200000000000004,0.08400000000000007
59,segment,segment_2_alpha=1,square,distance,2619.8123196399997,5000,0.835,0.16500000000000004,0.33000000000000007
59,segment,segment_2_alpha=1,square,angle,6387.579023196009,5000,1.0,0.0,0.0
59,segment,segment_2_alpha=1,first_mark,intersection,112.0,5000,0.7898,0.21020000000000005,0.4204000000000001
59,segment,segment_2_alpha=1,first_mark,distance,5130.07712802,5000,0.0204,0.9796,0.0408
59,segment,segment_2_alpha=1,first_mark,angle,10832.704835288154,5000,0.3198,0.6802,0.6396
