Seed,Grain Type,Model,f-Mark Type,Weight Type,Value,Permutation Test Count,Left p-value,Right p-value,Both Sided p-value
62,ball,ball_0_alpha=0,product,intersection,490.0,5000,0.4034,0.5966,0.8068
62,ball,ball_0_alpha=0,product,shared_area,6.818195473407368,5000,0.6718,0.32820000000000005,0.6564000000000001
62,ball,ball_0_alpha=0,product,distance,1793.8478685306038,5000,0.754,0.246,0.492
62,ball,ball_0_alpha=0,square,intersection,576.0,5000,0.8602,0.13980000000000004,0.27960000000000007
62,ball,ball_0_alpha=0,square,shared_area,7.480403802664822,5000,0.5516,0.4484,0.8968
62,ball,ball_0_alpha=0,square,distance,1944.9892189720465,5000,0.1582,0.8418,0.3164
62,ball,ball_0_alpha=0,first_mark,intersection,1066.0,5000,0.6078,0.3922,0.7844
62,ball,ball_0_alpha=0,first_mark,shared_area,14.29859927607219,5000,0.7032,0.29679999999999995,0.5935999999999999
62,ball,ball_0_alpha=0,first_mark,distance,3738.8370875026503,5000,0.6996,0.3004,0.6008
62,segment,segment_1_alpha=0,product,intersection,50.0,5000,0.7426,0.25739999999999996,0.5147999999999999
62,segment,segment_1_alpha=0,product,distance,2469.30475434,5000,0.8342,0.16579999999999995,0.3315999999999999
62,segment,segment_1_alpha=0,product,angle,4790.03341604573,5000,0.8636,0.13639999999999997,0.27279999999999993
62,segment,segment_1_alpha=0,square,intersection,50.0,5000,0.5278,0.47219999999999995,0.9443999999999999
62,segment,segment_1_alpha=0,square,distance,2679.8687677100006,5000,0.1948,0.8052,0.3896
62,segment,segment_1_alpha=0,square,angle,5125.170187285559,5000,0.4452,0.5548,0.8904
62,segment,segment_1_alpha=0,first_mark,intersection,100.0,5000,0.8118,0.18820000000000003,0.37640000000000007
62,segment,segment_1_alpha=0,first_mark,distance,5149.1735220499995,5000,0.778,0.22199999999999998,0.44399999999999995
62,segment,segment_1_alpha=0,first_mark,angle,9915.203603331289,5000,0.839,0.16100000000000003,0.32200000000000006
62,segment,segment_2_alpha=0,product,intersection,50.0,5000,0.7402,0.25980000000000003,0.5196000000000001
62,segment,segment_2_alpha=0,product,distance,2469.30475434,5000,0.8338,0.16620000000000001,0.33240000000000003
62,segment,segment_2_alpha=0,product,angle,4790.03341604573,5000,0.87,0.13,0.26
62,segment,segment_2_alpha=0,square,intersection,50.0,5000,0.5118,0.48819999999999997,0.9763999999999999
62,segment,segment_2_alpha=0,square,distance,2679.8687677100006,5000,0.1932,0.8068,0.3864
62,segment,segment_2_alpha=0,square,angle,5125.170187285559,5000,0.4488,0.5512,0.8976
62,segment,segment_2_alpha=0,first_mark,intersection,100.0,5000,0.815,0.18500000000000005,0.3700000000000001
62,segment,segment_2_alpha=0,first_mark,distance,5149.1735220499995,5000,0.79,0.20999999999999996,0.41999999999999993
62,segment,segment_2_alpha=0,first_mark,angle,9915.203603331289,5000,0.8426,0.15739999999999998,0.31479999999999997
62,ball,ball_0_alpha=0.25,product,intersection,572.0,5000,0.1864,0.8136,0.3728
62,ball,ball_0_alpha=0.25,product,shared_area,7.468827880940786,5000,0.3196,0.6804,0.6392
62,ball,ball_0_alpha=0.25,product,distance,2081.574508105102,5000,0.5346,0.46540000000000004,0.9308000000000001
62,ball,ball_0_alpha=0.25,square,intersection,588.0,5000,0.9144,0.08560000000000001,0.17120000000000002
62,ball,ball_0_alpha=0.25,square,shared_area,7.66234103303896,5000,0.8484,0.15159999999999996,0.3031999999999999
62,ball,ball_0_alpha=0.25,square,distance,1953.5484371240832,5000,0.37,0.63,0.74
62,ball,ball_0_alpha=0.25,first_mark,intersection,1160.0,5000,0.3512,0.6488,0.7024
62,ball,ball_0_alpha=0.25,first_mark,shared_area,15.131168913979746,5000,0.4584,0.5416000000000001,0.9168
62,ball,ball_0_alpha=0.25,first_mark,distance,4035.122945229185,5000,0.5074,0.49260000000000004,0.9852000000000001
62,segment,segment_1_alpha=0.25,product,intersection,20.0,5000,0.0188,0.9812,0.0376
62,segment,segment_1_alpha=0.25,product,distance,1762.1658241999999,5000,0.265,0.735,0.53
62,segment,segment_1_alpha=0.25,product,angle,3159.0063855290123,5000,0.1784,0.8216,0.3568
62,segment,segment_1_alpha=0.25,square,intersection,55.0,5000,0.9226,0.07740000000000002,0.15480000000000005
62,segment,segment_1_alpha=0.25,square,distance,2601.5975087099996,5000,0.1196,0.8804,0.2392
62,segment,segment_1_alpha=0.25,square,angle,4806.073475536806,5000,0.3668,0.6332,0.7336
62,segment,segment_1_alpha=0.25,first_mark,intersection,75.0,5000,0.1808,0.8192,0.3616
62,segment,segment_1_alpha=0.25,first_mark,distance,4363.76333291,5000,0.22,0.78,0.44
62,segment,segment_1_alpha=0.25,first_mark,angle,7965.079861065818,5000,0.191,0.8089999999999999,0.382
62,segment,segment_2_alpha=0.25,product,intersection,30.0,5000,0.0764,0.9236,0.1528
62,segment,segment_2_alpha=0.25,product,distance,2131.79604086,5000,0.1764,0.8236,0.3528
62,segment,segment_2_alpha=0.25,product,angle,3982.725131884167,5000,0.3622,0.6377999999999999,0.7244
62,segment,segment_2_alpha=0.25,square,intersection,59.0,5000,0.9808,0.019199999999999995,0.03839999999999999
62,segment,segment_2_alpha=0.25,square,distance,2665.98638393,5000,0.066,0.9339999999999999,0.132
62,segment,segment_2_alpha=0.25,square,angle,4965.518741923967,5000,0.8166,0.1834,0.3668
62,segment,segment_2_alpha=0.25,first_mark,intersection,89.0,5000,0.4738,0.5262,0.9476
62,segment,segment_2_alpha=0.25,first_mark,distance,4797.78242479,5000,0.1386,0.8613999999999999,0.2772
62,segment,segment_2_alpha=0.25,first_mark,angle,8948.243873808133,5000,0.4312,0.5688,0.8624
62,ball,ball_0_alpha=0.5,product,intersection,856.0,5000,0.6062,0.39380000000000004,0.7876000000000001
62,ball,ball_0_alpha=0.5,product,shared_area,12.330832450675786,5000,0.9228,0.07720000000000005,0.1544000000000001
62,ball,ball_0_alpha=0.5,product,distance,2790.22887482446,5000,0.2288,0.7712,0.4576
62,ball,ball_0_alpha=0.5,square,intersection,562.0,5000,0.8144,0.1856,0.3712
62,ball,ball_0_alpha=0.5,square,shared_area,7.441989903079416,5000,0.506,0.494,0.988
62,ball,ball_0_alpha=0.5,square,distance,1858.842366942687,5000,0.724,0.276,0.552
62,ball,ball_0_alpha=0.5,first_mark,intersection,1418.0,5000,0.801,0.19899999999999995,0.3979999999999999
62,ball,ball_0_alpha=0.5,first_mark,shared_area,19.772822353755203,5000,0.9812,0.01880000000000004,0.03760000000000008
62,ball,ball_0_alpha=0.5,first_mark,distance,4649.071241767147,5000,0.2216,0.7784,0.4432
62,segment,segment_1_alpha=0.5,product,intersection,50.0,5000,0.9468,0.053200000000000025,0.10640000000000005
62,segment,segment_1_alpha=0.5,product,distance,1780.25101148,5000,0.0828,0.9172,0.1656
62,segment,segment_1_alpha=0.5,product,angle,3733.051995831897,5000,0.384,0.616,0.768
62,segment,segment_1_alpha=0.5,square,intersection,48.0,5000,0.2464,0.7536,0.4928
62,segment,segment_1_alpha=0.5,square,distance,2633.6540039400006,5000,0.3166,0.6834,0.6332
62,segment,segment_1_alpha=0.5,square,angle,5392.770392723969,5000,0.9004,0.09960000000000002,0.19920000000000004
62,segment,segment_1_alpha=0.5,first_mark,intersection,98.0,5000,0.9364,0.06359999999999999,0.12719999999999998
62,segment,segment_1_alpha=0.5,first_mark,distance,4413.90501542,5000,0.097,0.903,0.194
62,segment,segment_1_alpha=0.5,first_mark,angle,9125.822388555865,5000,0.5416,0.45840000000000003,0.9168000000000001
62,segment,segment_2_alpha=0.5,product,intersection,60.0,5000,0.9284,0.0716,0.1432
62,segment,segment_2_alpha=0.5,product,distance,2297.63128666,5000,0.0554,0.9446,0.1108
62,segment,segment_2_alpha=0.5,product,angle,4594.970488088267,5000,0.0556,0.9444,0.1112
62,segment,segment_2_alpha=0.5,square,intersection,47.0,5000,0.1254,0.8746,0.2508
62,segment,segment_2_alpha=0.5,square,distance,2705.20948403,5000,0.5112,0.4888,0.9776
62,segment,segment_2_alpha=0.5,square,angle,6017.533908185793,5000,1.0,0.0,0.0
62,segment,segment_2_alpha=0.5,first_mark,intersection,107.0,5000,0.8634,0.13660000000000005,0.2732000000000001
62,segment,segment_2_alpha=0.5,first_mark,distance,5002.84077069,5000,0.0534,0.9466,0.1068
62,segment,segment_2_alpha=0.5,first_mark,angle,10612.50439627406,5000,0.9246,0.07540000000000002,0.15080000000000005
62,ball,ball_0_alpha=0.75,product,intersection,1270.0,5000,0.933,0.06699999999999995,0.1339999999999999
62,ball,ball_0_alpha=0.75,product,shared_area,17.782954240202432,5000,0.9908,0.009199999999999986,0.018399999999999972
62,ball,ball_0_alpha=0.75,product,distance,4067.503284421997,5000,0.0702,0.9298,0.1404
62,ball,ball_0_alpha=0.75,square,intersection,417.0,5000,0.1288,0.8712,0.2576
62,ball,ball_0_alpha=0.75,square,shared_area,5.330768647919143,5000,0.0638,0.9362,0.1276
62,ball,ball_0_alpha=0.75,square,distance,1574.2577419595118,5000,0.9588,0.041200000000000014,0.08240000000000003
62,ball,ball_0_alpha=0.75,first_mark,intersection,1687.0,5000,0.9514,0.04859999999999998,0.09719999999999995
62,ball,ball_0_alpha=0.75,first_mark,shared_area,23.113722888121575,5000,0.998,0.0020000000000000018,0.0040000000000000036
62,ball,ball_0_alpha=0.75,first_mark,distance,5641.7610263815095,5000,0.0958,0.9042,0.1916
62,segment,segment_1_alpha=0.75,product,intersection,26.0,5000,0.7812,0.2188,0.4376
62,segment,segment_1_alpha=0.75,product,distance,1087.1749913200001,5000,0.5646,0.4354,0.8708
62,segment,segment_1_alpha=0.75,product,angle,2297.529864418303,5000,0.8178,0.18220000000000003,0.36440000000000006
62,segment,segment_1_alpha=0.75,square,intersection,48.0,5000,0.6746,0.3254,0.6508
62,segment,segment_1_alpha=0.75,square,distance,2343.4144824,5000,0.3944,0.6056,0.7888
62,segment,segment_1_alpha=0.75,square,angle,4798.956393137572,5000,0.6334,0.36660000000000004,0.7332000000000001
62,segment,segment_1_alpha=0.75,first_mark,intersection,74.0,5000,0.857,0.14300000000000002,0.28600000000000003
62,segment,segment_1_alpha=0.75,first_mark,distance,3430.58947372,5000,0.4944,0.5056,0.9888
62,segment,segment_1_alpha=0.75,first_mark,angle,7096.486257555875,5000,0.7566,0.24339999999999995,0.4867999999999999
62,segment,segment_2_alpha=0.75,product,intersection,62.0,5000,0.5672,0.43279999999999996,0.8655999999999999
62,segment,segment_2_alpha=0.75,product,distance,3123.20033914,5000,0.5896,0.4104,0.8208
62,segment,segment_2_alpha=0.75,product,angle,5961.015658510549,5000,0.057,0.943,0.114
62,segment,segment_2_alpha=0.75,square,intersection,59.0,5000,0.9164,0.08360000000000001,0.16720000000000002
62,segment,segment_2_alpha=0.75,square,distance,2680.69083273,5000,0.2806,0.7194,0.5612
62,segment,segment_2_alpha=0.75,square,angle,6035.597788098365,5000,1.0,0.0,0.0
62,segment,segment_2_alpha=0.75,first_mark,intersection,121.0,5000,0.8922,0.1078,0.2156
62,segment,segment_2_alpha=0.75,first_mark,distance,5803.89117187,5000,0.5564,0.4436,0.8872
62,segment,segment_2_alpha=0.75,first_mark,angle,11996.613446608913,5000,0.8724,0.12760000000000005,0.2552000000000001
62,ball,ball_0_alpha=1,product,intersection,1182.0,5000,0.9854,0.014599999999999946,0.029199999999999893
62,ball,ball_0_alpha=1,product,shared_area,18.014436415248653,5000,0.9998,0.00019999999999997797,0.00039999999999995595
62,ball,ball_0_alpha=1,product,distance,3651.9995685061895,5000,0.2738,0.7262,0.5476
62,ball,ball_0_alpha=1,square,intersection,453.0,5000,0.0328,0.9672,0.0656
62,ball,ball_0_alpha=1,square,shared_area,5.840793837264942,5000,0.0088,0.9912,0.0176
62,ball,ball_0_alpha=1,square,distance,1666.600854743985,5000,0.7424,0.25760000000000005,0.5152000000000001
62,ball,ball_0_alpha=1,first_mark,intersection,1635.0,5000,0.9814,0.01859999999999995,0.0371999999999999
62,ball,ball_0_alpha=1,first_mark,shared_area,23.855230252513593,5000,1.0,0.0,0.0
62,ball,ball_0_alpha=1,first_mark,distance,5318.600423250175,5000,0.283,0.7170000000000001,0.566
62,segment,segment_1_alpha=1,product,intersection,24.0,5000,0.9628,0.03720000000000001,0.07440000000000002
62,segment,segment_1_alpha=1,product,distance,653.5195324199999,5000,0.581,0.41900000000000004,0.8380000000000001
62,segment,segment_1_alpha=1,product,angle,1139.7220597536823,5000,0.1624,0.8376,0.3248
62,segment,segment_1_alpha=1,square,intersection,39.0,5000,0.2878,0.7121999999999999,0.5756
62,segment,segment_1_alpha=1,square,distance,2005.7361133099998,5000,0.4216,0.5784,0.8432
62,segment,segment_1_alpha=1,square,angle,3761.523919086119,5000,0.2122,0.7878000000000001,0.4244
62,segment,segment_1_alpha=1,first_mark,intersection,63.0,5000,0.8816,0.11839999999999995,0.2367999999999999
62,segment,segment_1_alpha=1,first_mark,distance,2659.2556457299997,5000,0.4966,0.5034000000000001,0.9932
62,segment,segment_1_alpha=1,first_mark,angle,4901.245978839801,5000,0.1752,0.8248,0.3504
62,segment,segment_2_alpha=1,product,intersection,40.0,5000,0.3134,0.6866,0.6268
62,segment,segment_2_alpha=1,product,distance,2074.1337448,5000,0.253,0.747,0.506
62,segment,segment_2_alpha=1,product,angle,3549.865680334108,5000,0.0068,0.9932,0.0136
62,segment,segment_2_alpha=1,square,intersection,57.0,5000,0.6202,0.3798,0.7596
62,segment,segment_2_alpha=1,square,distance,2644.81135985,5000,0.0166,0.9834,0.0332
62,segment,segment_2_alpha=1,square,angle,6002.918832991114,5000,1.0,0.0,0.0
62,segment,segment_2_alpha=1,first_mark,intersection,97.0,5000,0.4082,0.5918,0.8164
62,segment,segment_2_alpha=1,first_mark,distance,4718.94510465,5000,0.1786,0.8214,0.3572
62,segment,segment_2_alpha=1,first_mark,angle,9552.784513325221,5000,0.9794,0.02059999999999995,0.0411999999999999
