Seed,Grain Type,Model,f-Mark Type,Weight Type,Value,Permutation Test Count,Left p-value,Right p-value,Both Sided p-value
50,ball,ball_0_alpha=0,product,intersection,572.0,5000,0.6832,0.31679999999999997,0.6335999999999999
50,ball,ball_0_alpha=0,product,shared_area,7.402665639868552,5000,0.9208,0.07920000000000005,0.1584000000000001
50,ball,ball_0_alpha=0,product,distance,1802.015831883784,5000,0.196,0.804,0.392
50,ball,ball_0_alpha=0,square,intersection,651.0,5000,0.8436,0.15639999999999998,0.31279999999999997
50,ball,ball_0_alpha=0,square,shared_area,7.531014232552063,5000,0.4408,0.5591999999999999,0.8816
50,ball,ball_0_alpha=0,square,distance,2142.865713540824,5000,0.4004,0.5996,0.8008
50,ball,ball_0_alpha=0,first_mark,intersection,1223.0,5000,0.8232,0.17679999999999996,0.3535999999999999
50,ball,ball_0_alpha=0,first_mark,shared_area,14.933679872420615,5000,0.9344,0.06559999999999999,0.13119999999999998
50,ball,ball_0_alpha=0,first_mark,distance,3944.881545424608,5000,0.1938,0.8062,0.3876
50,segment,segment_1_alpha=0,product,intersection,42.0,5000,0.3466,0.6534,0.6932
50,segment,segment_1_alpha=0,product,distance,2574.33278928,5000,0.3118,0.6881999999999999,0.6236
50,segment,segment_1_alpha=0,product,angle,4850.541320040886,5000,0.3524,0.6476,0.7048
50,segment,segment_1_alpha=0,square,intersection,57.0,5000,0.8872,0.11280000000000001,0.22560000000000002
50,segment,segment_1_alpha=0,square,distance,2993.0760277,5000,0.4596,0.5404,0.9192
50,segment,segment_1_alpha=0,square,angle,5649.548003046459,5000,0.791,0.20899999999999996,0.4179999999999999
50,segment,segment_1_alpha=0,first_mark,intersection,99.0,5000,0.7056,0.2944,0.5888
50,segment,segment_1_alpha=0,first_mark,distance,5567.40881698,5000,0.3096,0.6904,0.6192
50,segment,segment_1_alpha=0,first_mark,angle,10500.089323087344,5000,0.3998,0.6002000000000001,0.7996
50,segment,segment_2_alpha=0,product,intersection,42.0,5000,0.3466,0.6534,0.6932
50,segment,segment_2_alpha=0,product,distance,2574.33278928,5000,0.3098,0.6901999999999999,0.6196
50,segment,segment_2_alpha=0,product,angle,4850.541320040886,5000,0.3568,0.6432,0.7136
50,segment,segment_2_alpha=0,square,intersection,57.0,5000,0.885,0.11499999999999999,0.22999999999999998
50,segment,segment_2_alpha=0,square,distance,2993.0760277,5000,0.4686,0.5314,0.9372
50,segment,segment_2_alpha=0,square,angle,5649.548003046459,5000,0.7876,0.21240000000000003,0.42480000000000007
50,segment,segment_2_alpha=0,first_mark,intersection,99.0,5000,0.6992,0.30079999999999996,0.6015999999999999
50,segment,segment_2_alpha=0,first_mark,distance,5567.40881698,5000,0.3058,0.6941999999999999,0.6116
50,segment,segment_2_alpha=0,first_mark,angle,10500.089323087344,5000,0.4032,0.5968,0.8064
50,ball,ball_0_alpha=0.25,product,intersection,824.0,5000,0.9318,0.06820000000000004,0.13640000000000008
50,ball,ball_0_alpha=0.25,product,shared_area,9.796298150030317,5000,0.8814,0.11860000000000004,0.23720000000000008
50,ball,ball_0_alpha=0.25,product,distance,2476.7329129802206,5000,0.2014,0.7986,0.4028
50,ball,ball_0_alpha=0.25,square,intersection,600.0,5000,0.0536,0.9464,0.1072
50,ball,ball_0_alpha=0.25,square,shared_area,7.342518016613866,5000,0.2286,0.7714,0.4572
50,ball,ball_0_alpha=0.25,square,distance,2136.6729616389543,5000,0.7504,0.24960000000000004,0.4992000000000001
50,ball,ball_0_alpha=0.25,first_mark,intersection,1424.0,5000,0.8522,0.14780000000000004,0.2956000000000001
50,ball,ball_0_alpha=0.25,first_mark,shared_area,17.138816166644183,5000,0.8544,0.14559999999999995,0.2911999999999999
50,ball,ball_0_alpha=0.25,first_mark,distance,4613.405874619175,5000,0.1988,0.8012,0.3976
50,segment,segment_1_alpha=0.25,product,intersection,44.0,5000,0.8346,0.1654,0.3308
50,segment,segment_1_alpha=0.25,product,distance,2014.7744915800001,5000,0.1044,0.8956,0.2088
50,segment,segment_1_alpha=0.25,product,angle,4052.535918664585,5000,0.512,0.488,0.976
50,segment,segment_1_alpha=0.25,square,intersection,55.0,5000,0.8606,0.13939999999999997,0.27879999999999994
50,segment,segment_1_alpha=0.25,square,distance,2911.0694709299996,5000,0.125,0.875,0.25
50,segment,segment_1_alpha=0.25,square,angle,5556.4486277519045,5000,0.3416,0.6584,0.6832
50,segment,segment_1_alpha=0.25,first_mark,intersection,99.0,5000,0.9758,0.0242,0.0484
50,segment,segment_1_alpha=0.25,first_mark,distance,4925.84396251,5000,0.0936,0.9064,0.1872
50,segment,segment_1_alpha=0.25,first_mark,angle,9608.98454641649,5000,0.4828,0.5172,0.9656
50,segment,segment_2_alpha=0.25,product,intersection,42.0,5000,0.6624,0.3376,0.6752
50,segment,segment_2_alpha=0.25,product,distance,2174.76494354,5000,0.1658,0.8342,0.3316
50,segment,segment_2_alpha=0.25,product,angle,4334.793306479069,5000,0.5516,0.4484,0.8968
50,segment,segment_2_alpha=0.25,square,intersection,56.0,5000,0.891,0.10899999999999999,0.21799999999999997
50,segment,segment_2_alpha=0.25,square,distance,2937.8546352599997,5000,0.1572,0.8428,0.3144
50,segment,segment_2_alpha=0.25,square,angle,5631.522018089904,5000,0.6196,0.38039999999999996,0.7607999999999999
50,segment,segment_2_alpha=0.25,first_mark,intersection,98.0,5000,0.9178,0.08220000000000005,0.1644000000000001
50,segment,segment_2_alpha=0.25,first_mark,distance,5112.6195788,5000,0.15,0.85,0.3
50,segment,segment_2_alpha=0.25,first_mark,angle,9966.315324568974,5000,0.5602,0.43979999999999997,0.8795999999999999
50,ball,ball_0_alpha=0.5,product,intersection,1054.0,5000,0.067,0.933,0.134
50,ball,ball_0_alpha=0.5,product,shared_area,13.04948162954137,5000,0.2206,0.7794,0.4412
50,ball,ball_0_alpha=0.5,product,distance,3997.078840254352,5000,0.9292,0.07079999999999997,0.14159999999999995
50,ball,ball_0_alpha=0.5,square,intersection,595.0,5000,0.9742,0.025800000000000045,0.05160000000000009
50,ball,ball_0_alpha=0.5,square,shared_area,7.253911414437569,5000,0.928,0.07199999999999995,0.1439999999999999
50,ball,ball_0_alpha=0.5,square,distance,1861.0045465680516,5000,0.068,0.9319999999999999,0.136
50,ball,ball_0_alpha=0.5,first_mark,intersection,1649.0,5000,0.1388,0.8612,0.2776
50,ball,ball_0_alpha=0.5,first_mark,shared_area,20.303393043978943,5000,0.3708,0.6292,0.7416
50,ball,ball_0_alpha=0.5,first_mark,distance,5858.083386822404,5000,0.926,0.07399999999999995,0.1479999999999999
50,segment,segment_1_alpha=0.5,product,intersection,30.0,5000,0.7074,0.29259999999999997,0.5851999999999999
50,segment,segment_1_alpha=0.5,product,distance,1905.21651024,5000,0.9028,0.09719999999999995,0.1943999999999999
50,segment,segment_1_alpha=0.5,product,angle,3276.1885534207395,5000,0.2678,0.7322,0.5356
50,segment,segment_1_alpha=0.5,square,intersection,41.0,5000,0.4652,0.5347999999999999,0.9304
50,segment,segment_1_alpha=0.5,square,distance,2892.7608314,5000,0.8486,0.15139999999999998,0.30279999999999996
50,segment,segment_1_alpha=0.5,square,angle,5311.632726697016,5000,0.1542,0.8458,0.3084
50,segment,segment_1_alpha=0.5,first_mark,intersection,71.0,5000,0.7406,0.25939999999999996,0.5187999999999999
50,segment,segment_1_alpha=0.5,first_mark,distance,4797.97734164,5000,0.8954,0.10460000000000003,0.20920000000000005
50,segment,segment_1_alpha=0.5,first_mark,angle,8587.821280117754,5000,0.2322,0.7678,0.4644
50,segment,segment_2_alpha=0.5,product,intersection,46.0,5000,0.4086,0.5913999999999999,0.8172
50,segment,segment_2_alpha=0.5,product,distance,3595.58153352,5000,0.9932,0.006800000000000028,0.013600000000000056
50,segment,segment_2_alpha=0.5,product,angle,5716.623404079586,5000,0.0168,0.9832,0.0336
50,segment,segment_2_alpha=0.5,square,intersection,52.0,5000,0.9766,0.023399999999999976,0.04679999999999995
50,segment,segment_2_alpha=0.5,square,distance,2977.89830295,5000,0.0006,0.9994,0.0012
50,segment,segment_2_alpha=0.5,square,angle,6033.6595026261275,5000,1.0,0.0,0.0
50,segment,segment_2_alpha=0.5,first_mark,intersection,98.0,5000,0.8778,0.12219999999999998,0.24439999999999995
50,segment,segment_2_alpha=0.5,first_mark,distance,6573.47983647,5000,0.9908,0.009199999999999986,0.018399999999999972
50,segment,segment_2_alpha=0.5,first_mark,angle,11750.282906705714,5000,0.2946,0.7054,0.5892
50,ball,ball_0_alpha=0.75,product,intersection,1288.0,5000,0.7746,0.22540000000000004,0.4508000000000001
50,ball,ball_0_alpha=0.75,product,shared_area,16.11278954364895,5000,0.9296,0.07040000000000002,0.14080000000000004
50,ball,ball_0_alpha=0.75,product,distance,4028.4099572117975,5000,0.0736,0.9264,0.1472
50,ball,ball_0_alpha=0.75,square,intersection,528.0,5000,0.3426,0.6574,0.6852
50,ball,ball_0_alpha=0.75,square,shared_area,5.987415244023089,5000,0.1082,0.8918,0.2164
50,ball,ball_0_alpha=0.75,square,distance,1874.8537636648455,5000,0.956,0.04400000000000004,0.08800000000000008
50,ball,ball_0_alpha=0.75,first_mark,intersection,1816.0,5000,0.817,0.18300000000000005,0.3660000000000001
50,ball,ball_0_alpha=0.75,first_mark,shared_area,22.10020478767204,5000,0.9354,0.06459999999999999,0.12919999999999998
50,ball,ball_0_alpha=0.75,first_mark,distance,5903.263720876644,5000,0.0944,0.9056,0.1888
50,segment,segment_1_alpha=0.75,product,intersection,20.0,5000,0.6642,0.3358,0.6716
50,segment,segment_1_alpha=0.75,product,distance,1174.98195104,5000,0.3764,0.6235999999999999,0.7528
50,segment,segment_1_alpha=0.75,product,angle,2503.2897684740856,5000,0.8714,0.12860000000000005,0.2572000000000001
50,segment,segment_1_alpha=0.75,square,intersection,36.0,5000,0.3648,0.6352,0.7296
50,segment,segment_1_alpha=0.75,square,distance,2600.35881714,5000,0.3672,0.6328,0.7344
50,segment,segment_1_alpha=0.75,square,angle,5229.26006600298,5000,0.7752,0.2248,0.4496
50,segment,segment_1_alpha=0.75,first_mark,intersection,56.0,5000,0.6136,0.38639999999999997,0.7727999999999999
50,segment,segment_1_alpha=0.75,first_mark,distance,3775.34076818,5000,0.3734,0.6266,0.7468
50,segment,segment_1_alpha=0.75,first_mark,angle,7732.549834477066,5000,0.8436,0.15639999999999998,0.31279999999999997
50,segment,segment_2_alpha=0.75,product,intersection,36.0,5000,0.2368,0.7632,0.4736
50,segment,segment_2_alpha=0.75,product,distance,2999.0097029,5000,0.9254,0.0746,0.1492
50,segment,segment_2_alpha=0.75,product,angle,5233.687935275769,5000,0.0246,0.9754,0.0492
50,segment,segment_2_alpha=0.75,square,intersection,42.0,5000,0.3826,0.6174,0.7652
50,segment,segment_2_alpha=0.75,square,distance,3009.9251234,5000,0.496,0.504,0.992
50,segment,segment_2_alpha=0.75,square,angle,6712.721857407767,5000,1.0,0.0,0.0
50,segment,segment_2_alpha=0.75,first_mark,intersection,78.0,5000,0.1714,0.8286,0.3428
50,segment,segment_2_alpha=0.75,first_mark,distance,6008.934826299999,5000,0.9158,0.08420000000000005,0.1684000000000001
50,segment,segment_2_alpha=0.75,first_mark,angle,11946.409792683535,5000,0.936,0.06399999999999995,0.1279999999999999
50,ball,ball_0_alpha=1,product,intersection,1490.0,5000,0.134,0.866,0.268
50,ball,ball_0_alpha=1,product,shared_area,19.32548045438299,5000,0.9452,0.05479999999999996,0.10959999999999992
50,ball,ball_0_alpha=1,product,distance,5465.804134307584,5000,0.8952,0.1048,0.2096
50,ball,ball_0_alpha=1,square,intersection,431.0,5000,0.7618,0.23819999999999997,0.47639999999999993
50,ball,ball_0_alpha=1,square,shared_area,4.3689778615798405,5000,0.027,0.973,0.054
50,ball,ball_0_alpha=1,square,distance,1381.7045760840165,5000,0.1034,0.8966,0.2068
50,ball,ball_0_alpha=1,first_mark,intersection,1921.0,5000,0.1136,0.8864,0.2272
50,ball,ball_0_alpha=1,first_mark,shared_area,23.694458315962834,5000,0.8804,0.11960000000000004,0.23920000000000008
50,ball,ball_0_alpha=1,first_mark,distance,6847.5087103916,5000,0.8914,0.10860000000000003,0.21720000000000006
50,segment,segment_1_alpha=1,product,intersection,12.0,5000,0.6308,0.3692,0.7384
50,segment,segment_1_alpha=1,product,distance,743.6309221,5000,0.9984,0.0016000000000000458,0.0032000000000000917
50,segment,segment_1_alpha=1,product,angle,1227.147444290385,5000,0.4976,0.5024,0.9952
50,segment,segment_1_alpha=1,square,intersection,30.0,5000,0.1498,0.8502000000000001,0.2996
50,segment,segment_1_alpha=1,square,distance,2282.3654396,5000,0.9964,0.0036000000000000476,0.007200000000000095
50,segment,segment_1_alpha=1,square,angle,4131.018696849352,5000,0.3414,0.6586000000000001,0.6828
50,segment,segment_1_alpha=1,first_mark,intersection,42.0,5000,0.3176,0.6824,0.6352
50,segment,segment_1_alpha=1,first_mark,distance,3025.9963617000003,5000,0.998,0.0020000000000000018,0.0040000000000000036
50,segment,segment_1_alpha=1,first_mark,angle,5358.166141139736,5000,0.4098,0.5902000000000001,0.8196
50,segment,segment_2_alpha=1,product,intersection,48.0,5000,0.2438,0.7562,0.4876
50,segment,segment_2_alpha=1,product,distance,3452.04028664,5000,0.8346,0.1654,0.3308
50,segment,segment_2_alpha=1,product,angle,5567.679518690076,5000,0.0,1.0,0.0
50,segment,segment_2_alpha=1,square,intersection,53.0,5000,0.8406,0.1594,0.3188
50,segment,segment_2_alpha=1,square,distance,2994.6138247399995,5000,0.2294,0.7706,0.4588
50,segment,segment_2_alpha=1,square,angle,6751.269297654803,5000,1.0,0.0,0.0
50,segment,segment_2_alpha=1,first_mark,intersection,101.0,5000,0.5006,0.49939999999999996,0.9987999999999999
50,segment,segment_2_alpha=1,first_mark,distance,6446.654111379999,5000,0.8284,0.17159999999999997,0.34319999999999995
50,segment,segment_2_alpha=1,first_mark,angle,12318.94881634488,5000,0.4464,0.5536,0.8928
