Seed,Grain Type,Model,f-Mark Type,Weight Type,Value,Permutation Test Count,Left p-value,Right p-value,Both Sided p-value
8,ball,ball_0_alpha=0,product,intersection,512.0,5000,0.6018,0.3982,0.7964
8,ball,ball_0_alpha=0,product,shared_area,6.512089249898578,5000,0.6274,0.37260000000000004,0.7452000000000001
8,ball,ball_0_alpha=0,product,distance,1472.234166359785,5000,0.3764,0.6235999999999999,0.7528
8,ball,ball_0_alpha=0,square,intersection,660.0,5000,0.8228,0.17720000000000002,0.35440000000000005
8,ball,ball_0_alpha=0,square,shared_area,8.321490983455393,5000,0.7438,0.2562,0.5124
8,ball,ball_0_alpha=0,square,distance,1905.6343775588725,5000,0.24,0.76,0.48
8,ball,ball_0_alpha=0,first_mark,intersection,1172.0,5000,0.717,0.28300000000000003,0.5660000000000001
8,ball,ball_0_alpha=0,first_mark,shared_area,14.833580233353974,5000,0.7294,0.27059999999999995,0.5411999999999999
8,ball,ball_0_alpha=0,first_mark,distance,3377.8685439186575,5000,0.3472,0.6528,0.6944
8,segment,segment_1_alpha=0,product,intersection,40.0,5000,0.728,0.272,0.544
8,segment,segment_1_alpha=0,product,distance,2098.21433302,5000,0.364,0.636,0.728
8,segment,segment_1_alpha=0,product,angle,4072.967536599501,5000,0.2652,0.7348,0.5304
8,segment,segment_1_alpha=0,square,intersection,41.0,5000,0.1854,0.8146,0.3708
8,segment,segment_1_alpha=0,square,distance,2710.03234358,5000,0.208,0.792,0.416
8,segment,segment_1_alpha=0,square,angle,5342.473439229292,5000,0.3682,0.6317999999999999,0.7364
8,segment,segment_1_alpha=0,first_mark,intersection,81.0,5000,0.5574,0.4426,0.8852
8,segment,segment_1_alpha=0,first_mark,distance,4808.2466766,5000,0.3282,0.6718,0.6564
8,segment,segment_1_alpha=0,first_mark,angle,9415.440975828795,5000,0.2642,0.7358,0.5284
8,segment,segment_2_alpha=0,product,intersection,40.0,5000,0.7196,0.2804,0.5608
8,segment,segment_2_alpha=0,product,distance,2098.21433302,5000,0.3742,0.6258,0.7484
8,segment,segment_2_alpha=0,product,angle,4072.967536599501,5000,0.2654,0.7345999999999999,0.5308
8,segment,segment_2_alpha=0,square,intersection,41.0,5000,0.187,0.813,0.374
8,segment,segment_2_alpha=0,square,distance,2710.03234358,5000,0.208,0.792,0.416
8,segment,segment_2_alpha=0,square,angle,5342.473439229292,5000,0.3504,0.6496,0.7008
8,segment,segment_2_alpha=0,first_mark,intersection,81.0,5000,0.5518,0.44820000000000004,0.8964000000000001
8,segment,segment_2_alpha=0,first_mark,distance,4808.2466766,5000,0.3402,0.6597999999999999,0.6804
8,segment,segment_2_alpha=0,first_mark,angle,9415.440975828795,5000,0.2642,0.7358,0.5284
8,ball,ball_0_alpha=0.25,product,intersection,950.0,5000,0.8644,0.13560000000000005,0.2712000000000001
8,ball,ball_0_alpha=0.25,product,shared_area,11.86852269683984,5000,0.6714,0.3286,0.6572
8,ball,ball_0_alpha=0.25,product,distance,2401.4027792692577,5000,0.111,0.889,0.222
8,ball,ball_0_alpha=0.25,square,intersection,641.0,5000,0.158,0.842,0.316
8,ball,ball_0_alpha=0.25,square,shared_area,8.773306528348632,5000,0.8046,0.19540000000000002,0.39080000000000004
8,ball,ball_0_alpha=0.25,square,distance,1905.6333375216818,5000,0.9394,0.06059999999999999,0.12119999999999997
8,ball,ball_0_alpha=0.25,first_mark,intersection,1591.0,5000,0.8336,0.1664,0.3328
8,ball,ball_0_alpha=0.25,first_mark,shared_area,20.641829225188474,5000,0.8038,0.19620000000000004,0.3924000000000001
8,ball,ball_0_alpha=0.25,first_mark,distance,4307.03611679094,5000,0.1348,0.8652,0.2696
8,segment,segment_1_alpha=0.25,product,intersection,48.0,5000,0.6284,0.37160000000000004,0.7432000000000001
8,segment,segment_1_alpha=0.25,product,distance,2075.78394228,5000,0.2982,0.7018,0.5964
8,segment,segment_1_alpha=0.25,product,angle,4661.8111528383115,5000,0.7228,0.2772,0.5544
8,segment,segment_1_alpha=0.25,square,intersection,57.0,5000,0.4962,0.5038,0.9924
8,segment,segment_1_alpha=0.25,square,distance,2706.23851054,5000,0.34,0.6599999999999999,0.68
8,segment,segment_1_alpha=0.25,square,angle,5873.197906726849,5000,0.8768,0.12319999999999998,0.24639999999999995
8,segment,segment_1_alpha=0.25,first_mark,intersection,105.0,5000,0.6658,0.33420000000000005,0.6684000000000001
8,segment,segment_1_alpha=0.25,first_mark,distance,4782.02245282,5000,0.2924,0.7076,0.5848
8,segment,segment_1_alpha=0.25,first_mark,angle,10535.00905956516,5000,0.784,0.21599999999999997,0.43199999999999994
8,segment,segment_2_alpha=0.25,product,intersection,62.0,5000,0.4196,0.5804,0.8392
8,segment,segment_2_alpha=0.25,product,distance,2995.77799556,5000,0.29,0.71,0.58
8,segment,segment_2_alpha=0.25,product,angle,6339.611435938095,5000,0.1648,0.8351999999999999,0.3296
8,segment,segment_2_alpha=0.25,square,intersection,56.0,5000,0.358,0.642,0.716
8,segment,segment_2_alpha=0.25,square,distance,2734.0694444600003,5000,0.357,0.643,0.714
8,segment,segment_2_alpha=0.25,square,angle,6103.613769231699,5000,0.9998,0.00019999999999997797,0.00039999999999995595
8,segment,segment_2_alpha=0.25,first_mark,intersection,118.0,5000,0.3552,0.6448,0.7104
8,segment,segment_2_alpha=0.25,first_mark,distance,5729.847440019999,5000,0.259,0.741,0.518
8,segment,segment_2_alpha=0.25,first_mark,angle,12443.225205169794,5000,0.504,0.496,0.992
8,ball,ball_0_alpha=0.5,product,intersection,784.0,5000,0.4706,0.5294,0.9412
8,ball,ball_0_alpha=0.5,product,shared_area,9.905022005895981,5000,0.6946,0.3054,0.6108
8,ball,ball_0_alpha=0.5,product,distance,2420.483335918961,5000,0.5756,0.4244,0.8488
8,ball,ball_0_alpha=0.5,square,intersection,641.0,5000,0.669,0.33099999999999996,0.6619999999999999
8,ball,ball_0_alpha=0.5,square,shared_area,8.025508315784046,5000,0.9212,0.07879999999999998,0.15759999999999996
8,ball,ball_0_alpha=0.5,square,distance,1922.202224737036,5000,0.4502,0.5498000000000001,0.9004
8,ball,ball_0_alpha=0.5,first_mark,intersection,1425.0,5000,0.5264,0.4736,0.9472
8,ball,ball_0_alpha=0.5,first_mark,shared_area,17.930530321680028,5000,0.8786,0.12139999999999995,0.2427999999999999
8,ball,ball_0_alpha=0.5,first_mark,distance,4342.685560655997,5000,0.5738,0.4262,0.8524
8,segment,segment_1_alpha=0.5,product,intersection,18.0,5000,0.067,0.933,0.134
8,segment,segment_1_alpha=0.5,product,distance,1769.4090338400001,5000,0.9684,0.03159999999999996,0.06319999999999992
8,segment,segment_1_alpha=0.5,product,angle,2977.633045896072,5000,0.0168,0.9832,0.0336
8,segment,segment_1_alpha=0.5,square,intersection,55.0,5000,0.9654,0.034599999999999964,0.06919999999999993
8,segment,segment_1_alpha=0.5,square,distance,2681.33786045,5000,0.9834,0.016599999999999948,0.033199999999999896
8,segment,segment_1_alpha=0.5,square,angle,5296.239221076188,5000,0.1326,0.8674,0.2652
8,segment,segment_1_alpha=0.5,first_mark,intersection,73.0,5000,0.424,0.5760000000000001,0.848
8,segment,segment_1_alpha=0.5,first_mark,distance,4450.74689429,5000,0.979,0.02100000000000002,0.04200000000000004
8,segment,segment_1_alpha=0.5,first_mark,angle,8273.87226697226,5000,0.0182,0.9818,0.0364
8,segment,segment_2_alpha=0.5,product,intersection,46.0,5000,0.4912,0.5087999999999999,0.9824
8,segment,segment_2_alpha=0.5,product,distance,2614.786669,5000,0.5056,0.49439999999999995,0.9887999999999999
8,segment,segment_2_alpha=0.5,product,angle,4563.2576560321295,5000,0.0004,0.9996,0.0008
8,segment,segment_2_alpha=0.5,square,intersection,50.0,5000,0.5978,0.4022,0.8044
8,segment,segment_2_alpha=0.5,square,distance,2778.85877101,5000,0.9228,0.07720000000000005,0.1544000000000001
8,segment,segment_2_alpha=0.5,square,angle,5927.732898227107,5000,0.9998,0.00019999999999997797,0.00039999999999995595
8,segment,segment_2_alpha=0.5,first_mark,intersection,96.0,5000,0.5662,0.43379999999999996,0.8675999999999999
8,segment,segment_2_alpha=0.5,first_mark,distance,5393.645440009999,5000,0.588,0.41200000000000003,0.8240000000000001
8,segment,segment_2_alpha=0.5,first_mark,angle,10490.990554259237,5000,0.0094,0.9906,0.0188
8,ball,ball_0_alpha=0.75,product,intersection,1166.0,5000,0.503,0.497,0.994
8,ball,ball_0_alpha=0.75,product,shared_area,15.351170889722656,5000,0.7536,0.24639999999999995,0.4927999999999999
8,ball,ball_0_alpha=0.75,product,distance,3238.526995414755,5000,0.2334,0.7666,0.4668
8,ball,ball_0_alpha=0.75,square,intersection,612.0,5000,0.5514,0.4486,0.8972
8,ball,ball_0_alpha=0.75,square,shared_area,7.656640845471749,5000,0.4944,0.5056,0.9888
8,ball,ball_0_alpha=0.75,square,distance,1756.2568987526645,5000,0.7538,0.24619999999999997,0.49239999999999995
8,ball,ball_0_alpha=0.75,first_mark,intersection,1778.0,5000,0.5338,0.46619999999999995,0.9323999999999999
8,ball,ball_0_alpha=0.75,first_mark,shared_area,23.0078117351944,5000,0.827,0.17300000000000004,0.3460000000000001
8,ball,ball_0_alpha=0.75,first_mark,distance,4994.78389416742,5000,0.2332,0.7668,0.4664
8,segment,segment_1_alpha=0.75,product,intersection,16.0,5000,0.2798,0.7202,0.5596
8,segment,segment_1_alpha=0.75,product,distance,913.16137542,5000,0.159,0.841,0.318
8,segment,segment_1_alpha=0.75,product,angle,1748.9936351689603,5000,0.183,0.817,0.366
8,segment,segment_1_alpha=0.75,square,intersection,43.0,5000,0.3136,0.6864,0.6272
8,segment,segment_1_alpha=0.75,square,distance,2322.41994842,5000,0.5104,0.48960000000000004,0.9792000000000001
8,segment,segment_1_alpha=0.75,square,angle,4352.566831656365,5000,0.0996,0.9004,0.1992
8,segment,segment_1_alpha=0.75,first_mark,intersection,59.0,5000,0.2332,0.7668,0.4664
8,segment,segment_1_alpha=0.75,first_mark,distance,3235.5813238399996,5000,0.27,0.73,0.54
8,segment,segment_1_alpha=0.75,first_mark,angle,6101.560466825326,5000,0.1432,0.8568,0.2864
8,segment,segment_2_alpha=0.75,product,intersection,28.0,5000,0.0488,0.9512,0.0976
8,segment,segment_2_alpha=0.75,product,distance,2037.76550078,5000,0.3468,0.6532,0.6936
8,segment,segment_2_alpha=0.75,product,angle,3890.8383129881295,5000,0.3422,0.6577999999999999,0.6844
8,segment,segment_2_alpha=0.75,square,intersection,54.0,5000,0.5742,0.42579999999999996,0.8515999999999999
8,segment,segment_2_alpha=0.75,square,distance,2701.2465142500005,5000,0.0698,0.9302,0.1396
8,segment,segment_2_alpha=0.75,square,angle,5570.167566941004,5000,1.0,0.0,0.0
8,segment,segment_2_alpha=0.75,first_mark,intersection,82.0,5000,0.0706,0.9294,0.1412
8,segment,segment_2_alpha=0.75,first_mark,distance,4739.012015030001,5000,0.2936,0.7063999999999999,0.5872
8,segment,segment_2_alpha=0.75,first_mark,angle,9461.005879929133,5000,0.8894,0.11060000000000003,0.22120000000000006
8,ball,ball_0_alpha=1,product,intersection,1272.0,5000,0.6132,0.38680000000000003,0.7736000000000001
8,ball,ball_0_alpha=1,product,shared_area,16.782274175793553,5000,0.8908,0.10919999999999996,0.21839999999999993
8,ball,ball_0_alpha=1,product,distance,3787.78331614689,5000,0.7992,0.20079999999999998,0.40159999999999996
8,ball,ball_0_alpha=1,square,intersection,566.0,5000,0.5972,0.40280000000000005,0.8056000000000001
8,ball,ball_0_alpha=1,square,shared_area,6.752785758115853,5000,0.2066,0.7934,0.4132
8,ball,ball_0_alpha=1,square,distance,1607.431284924701,5000,0.1918,0.8082,0.3836
8,ball,ball_0_alpha=1,first_mark,intersection,1838.0,5000,0.7194,0.28059999999999996,0.5611999999999999
8,ball,ball_0_alpha=1,first_mark,shared_area,23.53505993390941,5000,0.911,0.08899999999999997,0.17799999999999994
8,ball,ball_0_alpha=1,first_mark,distance,5395.2146010715915,5000,0.793,0.20699999999999996,0.4139999999999999
8,segment,segment_1_alpha=1,product,intersection,20.0,5000,0.9796,0.020399999999999974,0.04079999999999995
8,segment,segment_1_alpha=1,product,distance,454.29326632,5000,0.1018,0.8982,0.2036
8,segment,segment_1_alpha=1,product,angle,1042.4444919260225,5000,0.762,0.238,0.476
8,segment,segment_1_alpha=1,square,intersection,37.0,5000,0.7982,0.20179999999999998,0.40359999999999996
8,segment,segment_1_alpha=1,square,distance,1808.31644167,5000,0.1504,0.8496,0.3008
8,segment,segment_1_alpha=1,square,angle,3682.220015144396,5000,0.6716,0.3284,0.6568
8,segment,segment_1_alpha=1,first_mark,intersection,57.0,5000,0.984,0.016000000000000014,0.03200000000000003
8,segment,segment_1_alpha=1,first_mark,distance,2262.60970799,5000,0.1214,0.8786,0.2428
8,segment,segment_1_alpha=1,first_mark,angle,4724.664507070418,5000,0.7078,0.2922,0.5844
8,segment,segment_2_alpha=1,product,intersection,44.0,5000,0.142,0.858,0.284
8,segment,segment_2_alpha=1,product,distance,3021.4188343799997,5000,0.2046,0.7954,0.4092
8,segment,segment_2_alpha=1,product,angle,4334.145208732127,5000,0.0,1.0,0.0
8,segment,segment_2_alpha=1,square,intersection,47.0,5000,0.4466,0.5534,0.8932
8,segment,segment_2_alpha=1,square,distance,2722.98762673,5000,0.8404,0.15959999999999996,0.31919999999999993
8,segment,segment_2_alpha=1,square,angle,6358.994864932315,5000,1.0,0.0,0.0
8,segment,segment_2_alpha=1,first_mark,intersection,91.0,5000,0.107,0.893,0.214
8,segment,segment_2_alpha=1,first_mark,distance,5744.406461109999,5000,0.2262,0.7738,0.4524
8,segment,segment_2_alpha=1,first_mark,angle,10693.140073664441,5000,0.0008,0.9992,0.0016
