Seed,Grain Type,Model,f-Mark Type,Weight Type,Value,Permutation Test Count,Left p-value,Right p-value,Both Sided p-value
154,ball,ball_0_alpha=0,product,intersection,512.0,5000,0.243,0.757,0.486
154,ball,ball_0_alpha=0,product,shared_area,7.170829132558608,5000,0.6014,0.39859999999999995,0.7971999999999999
154,ball,ball_0_alpha=0,product,distance,2082.8288033560684,5000,0.8614,0.13859999999999995,0.2771999999999999
154,ball,ball_0_alpha=0,square,intersection,545.0,5000,0.8362,0.16379999999999995,0.3275999999999999
154,ball,ball_0_alpha=0,square,shared_area,6.9902788630719375,5000,0.545,0.45499999999999996,0.9099999999999999
154,ball,ball_0_alpha=0,square,distance,1947.5956478580256,5000,0.0298,0.9702,0.0596
154,ball,ball_0_alpha=0,first_mark,intersection,1057.0,5000,0.3608,0.6392,0.7216
154,ball,ball_0_alpha=0,first_mark,shared_area,14.161107995630546,5000,0.6338,0.36619999999999997,0.7323999999999999
154,ball,ball_0_alpha=0,first_mark,distance,4030.4244512140945,5000,0.826,0.17400000000000004,0.3480000000000001
154,segment,segment_1_alpha=0,product,intersection,36.0,5000,0.2272,0.7727999999999999,0.4544
154,segment,segment_1_alpha=0,product,distance,2848.7069030800003,5000,0.8648,0.1352,0.2704
154,segment,segment_1_alpha=0,product,angle,5092.915645353586,5000,0.4594,0.5406,0.9188
154,segment,segment_1_alpha=0,square,intersection,46.0,5000,0.876,0.124,0.248
154,segment,segment_1_alpha=0,square,distance,2702.3991091300004,5000,0.021,0.979,0.042
154,segment,segment_1_alpha=0,square,angle,5049.877079800853,5000,0.8206,0.1794,0.3588
154,segment,segment_1_alpha=0,first_mark,intersection,82.0,5000,0.5296,0.47040000000000004,0.9408000000000001
154,segment,segment_1_alpha=0,first_mark,distance,5551.10601221,5000,0.8266,0.1734,0.3468
154,segment,segment_1_alpha=0,first_mark,angle,10142.792725154439,5000,0.5108,0.48919999999999997,0.9783999999999999
154,segment,segment_2_alpha=0,product,intersection,36.0,5000,0.2068,0.7932,0.4136
154,segment,segment_2_alpha=0,product,distance,2848.7069030800003,5000,0.8584,0.14159999999999995,0.2831999999999999
154,segment,segment_2_alpha=0,product,angle,5092.915645353586,5000,0.4784,0.5216000000000001,0.9568
154,segment,segment_2_alpha=0,square,intersection,46.0,5000,0.8856,0.11439999999999995,0.2287999999999999
154,segment,segment_2_alpha=0,square,distance,2702.3991091300004,5000,0.0198,0.9802,0.0396
154,segment,segment_2_alpha=0,square,angle,5049.877079800853,5000,0.817,0.18300000000000005,0.3660000000000001
154,segment,segment_2_alpha=0,first_mark,intersection,82.0,5000,0.5076,0.49239999999999995,0.9847999999999999
154,segment,segment_2_alpha=0,first_mark,distance,5551.10601221,5000,0.8236,0.1764,0.3528
154,segment,segment_2_alpha=0,first_mark,angle,10142.792725154439,5000,0.5258,0.47419999999999995,0.9483999999999999
154,ball,ball_0_alpha=0.25,product,intersection,604.0,5000,0.7074,0.29259999999999997,0.5851999999999999
154,ball,ball_0_alpha=0.25,product,shared_area,8.289464945238345,5000,0.9068,0.09319999999999995,0.1863999999999999
154,ball,ball_0_alpha=0.25,product,distance,2184.7655824507756,5000,0.6106,0.38939999999999997,0.7787999999999999
154,ball,ball_0_alpha=0.25,square,intersection,530.0,5000,0.4848,0.5152,0.9696
154,ball,ball_0_alpha=0.25,square,shared_area,6.698830054960893,5000,0.347,0.653,0.694
154,ball,ball_0_alpha=0.25,square,distance,1949.0401776664967,5000,0.5156,0.48440000000000005,0.9688000000000001
154,ball,ball_0_alpha=0.25,first_mark,intersection,1134.0,5000,0.7412,0.25880000000000003,0.5176000000000001
154,ball,ball_0_alpha=0.25,first_mark,shared_area,14.988295000199237,5000,0.9284,0.0716,0.1432
154,ball,ball_0_alpha=0.25,first_mark,distance,4133.805760117272,5000,0.6112,0.38880000000000003,0.7776000000000001
154,segment,segment_1_alpha=0.25,product,intersection,32.0,5000,0.7374,0.26259999999999994,0.5251999999999999
154,segment,segment_1_alpha=0.25,product,distance,1676.7602113399998,5000,0.1094,0.8906000000000001,0.2188
154,segment,segment_1_alpha=0.25,product,angle,3505.7790327037965,5000,0.835,0.16500000000000004,0.33000000000000007
154,segment,segment_1_alpha=0.25,square,intersection,31.0,5000,0.0298,0.9702,0.0596
154,segment,segment_1_alpha=0.25,square,distance,2584.0653571000003,5000,0.0804,0.9196,0.1608
154,segment,segment_1_alpha=0.25,square,angle,4966.091573459687,5000,0.565,0.43500000000000005,0.8700000000000001
154,segment,segment_1_alpha=0.25,first_mark,intersection,63.0,5000,0.3064,0.6936,0.6128
154,segment,segment_1_alpha=0.25,first_mark,distance,4260.82556844,5000,0.0898,0.9102,0.1796
154,segment,segment_1_alpha=0.25,first_mark,angle,8471.870606163484,5000,0.7914,0.2086,0.4172
154,segment,segment_2_alpha=0.25,product,intersection,44.0,5000,0.7436,0.25639999999999996,0.5127999999999999
154,segment,segment_2_alpha=0.25,product,distance,2448.9225844,5000,0.2126,0.7874,0.4252
154,segment,segment_2_alpha=0.25,product,angle,4840.807782854023,5000,0.6162,0.38380000000000003,0.7676000000000001
154,segment,segment_2_alpha=0.25,square,intersection,34.0,5000,0.053,0.947,0.106
154,segment,segment_2_alpha=0.25,square,distance,2706.3822878,5000,0.7556,0.24439999999999995,0.4887999999999999
154,segment,segment_2_alpha=0.25,square,angle,5180.815415496162,5000,0.8956,0.10440000000000005,0.2088000000000001
154,segment,segment_2_alpha=0.25,first_mark,intersection,78.0,5000,0.4362,0.5638000000000001,0.8724
154,segment,segment_2_alpha=0.25,first_mark,distance,5155.3048722,5000,0.2452,0.7548,0.4904
154,segment,segment_2_alpha=0.25,first_mark,angle,10021.623198350186,5000,0.7096,0.2904,0.5808
154,ball,ball_0_alpha=0.5,product,intersection,692.0,5000,0.4198,0.5802,0.8396
154,ball,ball_0_alpha=0.5,product,shared_area,9.479483552088782,5000,0.573,0.42700000000000005,0.8540000000000001
154,ball,ball_0_alpha=0.5,product,distance,2431.432569021891,5000,0.0486,0.9514,0.0972
154,ball,ball_0_alpha=0.5,square,intersection,530.0,5000,0.7798,0.22019999999999995,0.4403999999999999
154,ball,ball_0_alpha=0.5,square,shared_area,6.989506869598224,5000,0.569,0.43100000000000005,0.8620000000000001
154,ball,ball_0_alpha=0.5,square,distance,1953.77355980441,5000,0.9758,0.0242,0.0484
154,ball,ball_0_alpha=0.5,first_mark,intersection,1222.0,5000,0.5342,0.4658,0.9316
154,ball,ball_0_alpha=0.5,first_mark,shared_area,16.468990421687007,5000,0.6304,0.36960000000000004,0.7392000000000001
154,ball,ball_0_alpha=0.5,first_mark,distance,4385.206128826301,5000,0.071,0.929,0.142
154,segment,segment_1_alpha=0.5,product,intersection,34.0,5000,0.9418,0.05820000000000003,0.11640000000000006
154,segment,segment_1_alpha=0.5,product,distance,1313.23485402,5000,0.2366,0.7634,0.4732
154,segment,segment_1_alpha=0.5,product,angle,2324.821311773759,5000,0.0238,0.9762,0.0476
154,segment,segment_1_alpha=0.5,square,intersection,43.0,5000,0.4524,0.5476,0.9048
154,segment,segment_1_alpha=0.5,square,distance,2520.0296849200004,5000,0.8866,0.11339999999999995,0.2267999999999999
154,segment,segment_1_alpha=0.5,square,angle,4687.106511938144,5000,0.0156,0.9844,0.0312
154,segment,segment_1_alpha=0.5,first_mark,intersection,77.0,5000,0.9626,0.03739999999999999,0.07479999999999998
154,segment,segment_1_alpha=0.5,first_mark,distance,3833.26453894,5000,0.4632,0.5367999999999999,0.9264
154,segment,segment_1_alpha=0.5,first_mark,angle,7011.927823711902,5000,0.0166,0.9834,0.0332
154,segment,segment_2_alpha=0.5,product,intersection,42.0,5000,0.7486,0.25139999999999996,0.5027999999999999
154,segment,segment_2_alpha=0.5,product,distance,2003.44237736,5000,0.1222,0.8778,0.2444
154,segment,segment_2_alpha=0.5,product,angle,3802.3507834876455,5000,0.101,0.899,0.202
154,segment,segment_2_alpha=0.5,square,intersection,49.0,5000,0.6742,0.3258,0.6516
154,segment,segment_2_alpha=0.5,square,distance,2672.97947106,5000,0.5736,0.4264,0.8528
154,segment,segment_2_alpha=0.5,square,angle,5362.676883196279,5000,0.998,0.0020000000000000018,0.0040000000000000036
154,segment,segment_2_alpha=0.5,first_mark,intersection,91.0,5000,0.912,0.08799999999999997,0.17599999999999993
154,segment,segment_2_alpha=0.5,first_mark,distance,4676.42184842,5000,0.1474,0.8526,0.2948
154,segment,segment_2_alpha=0.5,first_mark,angle,9165.027666683924,5000,0.4508,0.5492,0.9016
154,ball,ball_0_alpha=0.75,product,intersection,988.0,5000,0.6106,0.38939999999999997,0.7787999999999999
154,ball,ball_0_alpha=0.75,product,shared_area,12.65647031034516,5000,0.7754,0.22460000000000002,0.44920000000000004
154,ball,ball_0_alpha=0.75,product,distance,3689.6883535436473,5000,0.5676,0.4324,0.8648
154,ball,ball_0_alpha=0.75,square,intersection,449.0,5000,0.3974,0.6026,0.7948
154,ball,ball_0_alpha=0.75,square,shared_area,5.587116142107936,5000,0.4094,0.5906,0.8188
154,ball,ball_0_alpha=0.75,square,distance,1692.1588942123665,5000,0.409,0.591,0.818
154,ball,ball_0_alpha=0.75,first_mark,intersection,1437.0,5000,0.6062,0.39380000000000004,0.7876000000000001
154,ball,ball_0_alpha=0.75,first_mark,shared_area,18.243586452453094,5000,0.8428,0.1572,0.3144
154,ball,ball_0_alpha=0.75,first_mark,distance,5381.8472477560135,5000,0.5584,0.4416,0.8832
154,segment,segment_1_alpha=0.75,product,intersection,26.0,5000,0.818,0.18200000000000005,0.3640000000000001
154,segment,segment_1_alpha=0.75,product,distance,1268.3942406200001,5000,0.6716,0.3284,0.6568
154,segment,segment_1_alpha=0.75,product,angle,2373.9801420418894,5000,0.3104,0.6896,0.6208
154,segment,segment_1_alpha=0.75,square,intersection,41.0,5000,0.624,0.376,0.752
154,segment,segment_1_alpha=0.75,square,distance,2441.5989388400003,5000,0.6458,0.35419999999999996,0.7083999999999999
154,segment,segment_1_alpha=0.75,square,angle,4701.040442671485,5000,0.157,0.843,0.314
154,segment,segment_1_alpha=0.75,first_mark,intersection,67.0,5000,0.9018,0.09819999999999995,0.1963999999999999
154,segment,segment_1_alpha=0.75,first_mark,distance,3709.9931794599997,5000,0.6686,0.33140000000000003,0.6628000000000001
154,segment,segment_1_alpha=0.75,first_mark,angle,7075.020584713375,5000,0.2506,0.7494000000000001,0.5012
154,segment,segment_2_alpha=0.75,product,intersection,36.0,5000,0.356,0.644,0.712
154,segment,segment_2_alpha=0.75,product,distance,2426.91966282,5000,0.788,0.21199999999999997,0.42399999999999993
154,segment,segment_2_alpha=0.75,product,angle,4105.822770065703,5000,0.0034,0.9966,0.0068
154,segment,segment_2_alpha=0.75,square,intersection,47.0,5000,0.7546,0.24539999999999995,0.4907999999999999
154,segment,segment_2_alpha=0.75,square,distance,2677.40501237,5000,0.145,0.855,0.29
154,segment,segment_2_alpha=0.75,square,angle,6076.912426718572,5000,1.0,0.0,0.0
154,segment,segment_2_alpha=0.75,first_mark,intersection,83.0,5000,0.5852,0.41479999999999995,0.8295999999999999
154,segment,segment_2_alpha=0.75,first_mark,distance,5104.32467519,5000,0.7324,0.26759999999999995,0.5351999999999999
154,segment,segment_2_alpha=0.75,first_mark,angle,10182.735196784273,5000,0.9356,0.06440000000000001,0.12880000000000003
154,ball,ball_0_alpha=1,product,intersection,1018.0,5000,0.8888,0.11119999999999997,0.22239999999999993
154,ball,ball_0_alpha=1,product,shared_area,13.552905459644126,5000,0.9934,0.00660000000000005,0.0132000000000001
154,ball,ball_0_alpha=1,product,distance,3806.0549666652996,5000,0.3228,0.6772,0.6456
154,ball,ball_0_alpha=1,square,intersection,409.0,5000,0.2842,0.7158,0.5684
154,ball,ball_0_alpha=1,square,shared_area,4.549374034666066,5000,0.0152,0.9848,0.0304
154,ball,ball_0_alpha=1,square,distance,1676.7242782190797,5000,0.5894,0.41059999999999997,0.8211999999999999
154,ball,ball_0_alpha=1,first_mark,intersection,1427.0,5000,0.9426,0.05740000000000001,0.11480000000000001
154,ball,ball_0_alpha=1,first_mark,shared_area,18.102279494310192,5000,0.9922,0.007800000000000029,0.015600000000000058
154,ball,ball_0_alpha=1,first_mark,distance,5482.779244884379,5000,0.2866,0.7134,0.5732
154,segment,segment_1_alpha=1,product,intersection,16.0,5000,0.8938,0.10619999999999996,0.21239999999999992
154,segment,segment_1_alpha=1,product,distance,662.4262757600001,5000,0.1586,0.8414,0.3172
154,segment,segment_1_alpha=1,product,angle,1365.7564808621846,5000,0.7974,0.2026,0.4052
154,segment,segment_1_alpha=1,square,intersection,34.0,5000,0.8722,0.12780000000000002,0.25560000000000005
154,segment,segment_1_alpha=1,square,distance,2052.67597876,5000,0.2126,0.7874,0.4252
154,segment,segment_1_alpha=1,square,angle,3855.195800629951,5000,0.6718,0.32820000000000005,0.6564000000000001
154,segment,segment_1_alpha=1,first_mark,intersection,50.0,5000,0.9822,0.017800000000000038,0.035600000000000076
154,segment,segment_1_alpha=1,first_mark,distance,2715.10225452,5000,0.172,0.8280000000000001,0.344
154,segment,segment_1_alpha=1,first_mark,angle,5220.952281492135,5000,0.7388,0.2612,0.5224
154,segment,segment_2_alpha=1,product,intersection,36.0,5000,0.0718,0.9282,0.1436
154,segment,segment_2_alpha=1,product,distance,3298.1391606199995,5000,0.321,0.679,0.642
154,segment,segment_2_alpha=1,product,angle,3992.8613914128855,5000,0.0,1.0,0.0
154,segment,segment_2_alpha=1,square,intersection,44.0,5000,0.9286,0.07140000000000002,0.14280000000000004
154,segment,segment_2_alpha=1,square,distance,2686.8125397500003,5000,0.4692,0.5307999999999999,0.9384
154,segment,segment_2_alpha=1,square,angle,6200.291147661137,5000,1.0,0.0,0.0
154,segment,segment_2_alpha=1,first_mark,intersection,80.0,5000,0.244,0.756,0.488
154,segment,segment_2_alpha=1,first_mark,distance,5984.95170037,5000,0.2886,0.7114,0.5772
154,segment,segment_2_alpha=1,first_mark,angle,10193.152539074023,5000,0.0,1.0,0.0
