Seed,Grain Type,Model,f-Mark Type,Weight Type,Value,Permutation Test Count,Left p-value,Right p-value,Both Sided p-value
11,ball,ball_0_alpha=0,product,intersection,858.0,5000,0.0174,0.9826,0.0348
11,ball,ball_0_alpha=0,product,shared_area,10.824252524928283,5000,0.0956,0.9044,0.1912
11,ball,ball_0_alpha=0,product,distance,3517.2371015312415,5000,0.9944,0.005600000000000049,0.011200000000000099
11,ball,ball_0_alpha=0,square,intersection,776.0,5000,0.6224,0.37760000000000005,0.7552000000000001
11,ball,ball_0_alpha=0,square,shared_area,9.285690152337104,5000,0.2462,0.7538,0.4924
11,ball,ball_0_alpha=0,square,distance,2542.2216918934664,5000,0.007,0.993,0.014
11,ball,ball_0_alpha=0,first_mark,intersection,1634.0,5000,0.016,0.984,0.032
11,ball,ball_0_alpha=0,first_mark,shared_area,20.109942677265387,5000,0.0298,0.9702,0.0596
11,ball,ball_0_alpha=0,first_mark,distance,6059.458793424708,5000,0.9934,0.00660000000000005,0.0132000000000001
11,segment,segment_1_alpha=0,product,intersection,62.0,5000,0.163,0.837,0.326
11,segment,segment_1_alpha=0,product,distance,4807.56825206,5000,0.993,0.007000000000000006,0.014000000000000012
11,segment,segment_1_alpha=0,product,angle,9214.021836840366,5000,0.7986,0.20140000000000002,0.40280000000000005
11,segment,segment_1_alpha=0,square,intersection,55.0,5000,0.347,0.653,0.694
11,segment,segment_1_alpha=0,square,distance,3575.3983423000004,5000,0.0154,0.9846,0.0308
11,segment,segment_1_alpha=0,square,angle,7289.738957633439,5000,0.9346,0.06540000000000001,0.13080000000000003
11,segment,segment_1_alpha=0,first_mark,intersection,117.0,5000,0.0668,0.9332,0.1336
11,segment,segment_1_alpha=0,first_mark,distance,8382.96659436,5000,0.991,0.009000000000000008,0.018000000000000016
11,segment,segment_1_alpha=0,first_mark,angle,16503.760794473805,5000,0.896,0.10399999999999998,0.20799999999999996
11,segment,segment_2_alpha=0,product,intersection,62.0,5000,0.158,0.842,0.316
11,segment,segment_2_alpha=0,product,distance,4807.56825206,5000,0.9944,0.005600000000000049,0.011200000000000099
11,segment,segment_2_alpha=0,product,angle,9214.021836840366,5000,0.7734,0.22660000000000002,0.45320000000000005
11,segment,segment_2_alpha=0,square,intersection,55.0,5000,0.3406,0.6594,0.6812
11,segment,segment_2_alpha=0,square,distance,3575.3983423000004,5000,0.0128,0.9872,0.0256
11,segment,segment_2_alpha=0,square,angle,7289.738957633439,5000,0.9296,0.07040000000000002,0.14080000000000004
11,segment,segment_2_alpha=0,first_mark,intersection,117.0,5000,0.0704,0.9296,0.1408
11,segment,segment_2_alpha=0,first_mark,distance,8382.96659436,5000,0.9934,0.00660000000000005,0.0132000000000001
11,segment,segment_2_alpha=0,first_mark,angle,16503.760794473805,5000,0.8784,0.12160000000000004,0.24320000000000008
11,ball,ball_0_alpha=0.25,product,intersection,1106.0,5000,0.9022,0.0978,0.1956
11,ball,ball_0_alpha=0.25,product,shared_area,13.724439882322583,5000,0.7328,0.2672,0.5344
11,ball,ball_0_alpha=0.25,product,distance,3182.7593272521226,5000,0.0538,0.9462,0.1076
11,ball,ball_0_alpha=0.25,square,intersection,745.0,5000,0.0852,0.9148000000000001,0.1704
11,ball,ball_0_alpha=0.25,square,shared_area,9.829554696343084,5000,0.4288,0.5711999999999999,0.8576
11,ball,ball_0_alpha=0.25,square,distance,2557.822787455048,5000,0.8808,0.11919999999999997,0.23839999999999995
11,ball,ball_0_alpha=0.25,first_mark,intersection,1851.0,5000,0.836,0.16400000000000003,0.32800000000000007
11,ball,ball_0_alpha=0.25,first_mark,shared_area,23.55399457866567,5000,0.76,0.24,0.48
11,ball,ball_0_alpha=0.25,first_mark,distance,5740.58211470717,5000,0.0496,0.9504,0.0992
11,segment,segment_1_alpha=0.25,product,intersection,52.0,5000,0.1204,0.8796,0.2408
11,segment,segment_1_alpha=0.25,product,distance,3038.53382156,5000,0.2022,0.7978000000000001,0.4044
11,segment,segment_1_alpha=0.25,product,angle,6092.969019183847,5000,0.9492,0.050799999999999956,0.10159999999999991
11,segment,segment_1_alpha=0.25,square,intersection,78.0,5000,0.7912,0.20879999999999999,0.41759999999999997
11,segment,segment_1_alpha=0.25,square,distance,3610.23893952,5000,0.2374,0.7626,0.4748
11,segment,segment_1_alpha=0.25,square,angle,6600.107419246606,5000,0.7008,0.2992,0.5984
11,segment,segment_1_alpha=0.25,first_mark,intersection,130.0,5000,0.2566,0.7434000000000001,0.5132
11,segment,segment_1_alpha=0.25,first_mark,distance,6648.772761079999,5000,0.1864,0.8136,0.3728
11,segment,segment_1_alpha=0.25,first_mark,angle,12693.076438430453,5000,0.9378,0.06220000000000003,0.12440000000000007
11,segment,segment_2_alpha=0.25,product,intersection,60.0,5000,0.1602,0.8398,0.3204
11,segment,segment_2_alpha=0.25,product,distance,3461.94854708,5000,0.4814,0.5186,0.9628
11,segment,segment_2_alpha=0.25,product,angle,6643.156649749043,5000,0.8968,0.10319999999999996,0.20639999999999992
11,segment,segment_2_alpha=0.25,square,intersection,73.0,5000,0.4716,0.5284,0.9432
11,segment,segment_2_alpha=0.25,square,distance,3624.22281078,5000,0.148,0.852,0.296
11,segment,segment_2_alpha=0.25,square,angle,6612.014793182749,5000,0.5704,0.4296,0.8592
11,segment,segment_2_alpha=0.25,first_mark,intersection,133.0,5000,0.1308,0.8692,0.2616
11,segment,segment_2_alpha=0.25,first_mark,distance,7086.171357859999,5000,0.4404,0.5596,0.8808
11,segment,segment_2_alpha=0.25,first_mark,angle,13255.17144293179,5000,0.8888,0.11119999999999997,0.22239999999999993
11,ball,ball_0_alpha=0.5,product,intersection,1280.0,5000,0.9102,0.08979999999999999,0.17959999999999998
11,ball,ball_0_alpha=0.5,product,shared_area,16.159823706900642,5000,0.929,0.07099999999999995,0.1419999999999999
11,ball,ball_0_alpha=0.5,product,distance,3964.623058287574,5000,0.3056,0.6944,0.6112
11,ball,ball_0_alpha=0.5,square,intersection,721.0,5000,0.2736,0.7263999999999999,0.5472
11,ball,ball_0_alpha=0.5,square,shared_area,8.806308140749584,5000,0.234,0.766,0.468
11,ball,ball_0_alpha=0.5,square,distance,2460.22351274239,5000,0.6252,0.3748,0.7496
11,ball,ball_0_alpha=0.5,first_mark,intersection,2001.0,5000,0.9414,0.058599999999999985,0.11719999999999997
11,ball,ball_0_alpha=0.5,first_mark,shared_area,24.966131847650225,5000,0.9528,0.04720000000000002,0.09440000000000004
11,ball,ball_0_alpha=0.5,first_mark,distance,6424.846571029964,5000,0.2876,0.7123999999999999,0.5752
11,segment,segment_1_alpha=0.5,product,intersection,48.0,5000,0.7208,0.2792,0.5584
11,segment,segment_1_alpha=0.5,product,distance,2489.14132374,5000,0.7578,0.24219999999999997,0.48439999999999994
11,segment,segment_1_alpha=0.5,product,angle,4936.852019417733,5000,0.8116,0.1884,0.3768
11,segment,segment_1_alpha=0.5,square,intersection,68.0,5000,0.863,0.137,0.274
11,segment,segment_1_alpha=0.5,square,distance,3500.70038023,5000,0.4792,0.5207999999999999,0.9584
11,segment,segment_1_alpha=0.5,square,angle,6890.58129970829,5000,0.604,0.396,0.792
11,segment,segment_1_alpha=0.5,first_mark,intersection,116.0,5000,0.9258,0.07420000000000004,0.1484000000000001
11,segment,segment_1_alpha=0.5,first_mark,distance,5989.84170397,5000,0.7156,0.2844,0.5688
11,segment,segment_1_alpha=0.5,first_mark,angle,11827.433319126025,5000,0.778,0.22199999999999998,0.44399999999999995
11,segment,segment_2_alpha=0.5,product,intersection,62.0,5000,0.1224,0.8776,0.2448
11,segment,segment_2_alpha=0.5,product,distance,4248.19015326,5000,0.7582,0.24180000000000001,0.48360000000000003
11,segment,segment_2_alpha=0.5,product,angle,8437.511123633241,5000,0.8312,0.16879999999999995,0.3375999999999999
11,segment,segment_2_alpha=0.5,square,intersection,73.0,5000,0.9586,0.04139999999999999,0.08279999999999998
11,segment,segment_2_alpha=0.5,square,distance,3574.6168013799997,5000,0.1088,0.8912,0.2176
11,segment,segment_2_alpha=0.5,square,angle,7156.682465849487,5000,0.9648,0.03520000000000001,0.07040000000000002
11,segment,segment_2_alpha=0.5,first_mark,intersection,135.0,5000,0.4232,0.5768,0.8464
11,segment,segment_2_alpha=0.5,first_mark,distance,7822.80695464,5000,0.7324,0.26759999999999995,0.5351999999999999
11,segment,segment_2_alpha=0.5,first_mark,angle,15594.19358948273,5000,0.9262,0.07379999999999998,0.14759999999999995
11,ball,ball_0_alpha=0.75,product,intersection,1338.0,5000,0.8614,0.13859999999999995,0.2771999999999999
11,ball,ball_0_alpha=0.75,product,shared_area,17.087490074129718,5000,0.9096,0.09040000000000004,0.18080000000000007
11,ball,ball_0_alpha=0.75,product,distance,4029.545500939199,5000,0.0474,0.9526,0.0948
11,ball,ball_0_alpha=0.75,square,intersection,695.0,5000,0.1308,0.8692,0.2616
11,ball,ball_0_alpha=0.75,square,shared_area,8.794987518974306,5000,0.2742,0.7258,0.5484
11,ball,ball_0_alpha=0.75,square,distance,2445.157553183624,5000,0.9298,0.07020000000000004,0.14040000000000008
11,ball,ball_0_alpha=0.75,first_mark,intersection,2033.0,5000,0.8322,0.16779999999999995,0.3355999999999999
11,ball,ball_0_alpha=0.75,first_mark,shared_area,25.88247759310402,5000,0.9424,0.057599999999999985,0.11519999999999997
11,ball,ball_0_alpha=0.75,first_mark,distance,6474.703054122822,5000,0.0416,0.9584,0.0832
11,segment,segment_1_alpha=0.75,product,intersection,32.0,5000,0.9156,0.08440000000000003,0.16880000000000006
11,segment,segment_1_alpha=0.75,product,distance,1252.1924001,5000,0.2044,0.7956,0.4088
11,segment,segment_1_alpha=0.75,product,angle,2591.9674720498488,5000,0.83,0.17000000000000004,0.3400000000000001
11,segment,segment_1_alpha=0.75,square,intersection,52.0,5000,0.4684,0.5316000000000001,0.9368
11,segment,segment_1_alpha=0.75,square,distance,3051.7294446700002,5000,0.3748,0.6252,0.7496
11,segment,segment_1_alpha=0.75,square,angle,5867.382842252698,5000,0.8306,0.1694,0.3388
11,segment,segment_1_alpha=0.75,first_mark,intersection,84.0,5000,0.8982,0.1018,0.2036
11,segment,segment_1_alpha=0.75,first_mark,distance,4303.92184477,5000,0.2562,0.7438,0.5124
11,segment,segment_1_alpha=0.75,first_mark,angle,8459.350314302548,5000,0.8362,0.16379999999999995,0.3275999999999999
11,segment,segment_2_alpha=0.75,product,intersection,72.0,5000,0.5944,0.40559999999999996,0.8111999999999999
11,segment,segment_2_alpha=0.75,product,distance,4186.7554484,5000,0.7846,0.21540000000000004,0.43080000000000007
11,segment,segment_2_alpha=0.75,product,angle,6703.75501091311,5000,0.0,1.0,0.0
11,segment,segment_2_alpha=0.75,square,intersection,65.0,5000,0.726,0.274,0.548
11,segment,segment_2_alpha=0.75,square,distance,3598.2262978199997,5000,0.1012,0.8988,0.2024
11,segment,segment_2_alpha=0.75,square,angle,7603.296683026478,5000,1.0,0.0,0.0
11,segment,segment_2_alpha=0.75,first_mark,intersection,137.0,5000,0.7814,0.21860000000000002,0.43720000000000003
11,segment,segment_2_alpha=0.75,first_mark,distance,7784.98174622,5000,0.7546,0.24539999999999995,0.4907999999999999
11,segment,segment_2_alpha=0.75,first_mark,angle,14307.051693939587,5000,0.2036,0.7964,0.4072
11,ball,ball_0_alpha=1,product,intersection,1868.0,5000,0.645,0.355,0.71
11,ball,ball_0_alpha=1,product,shared_area,24.56448248204752,5000,0.7714,0.22860000000000003,0.45720000000000005
11,ball,ball_0_alpha=1,product,distance,6093.4210775576275,5000,0.4468,0.5532,0.8936
11,ball,ball_0_alpha=1,square,intersection,559.0,5000,0.485,0.515,0.97
11,ball,ball_0_alpha=1,square,shared_area,7.176025610186268,5000,0.4414,0.5586,0.8828
11,ball,ball_0_alpha=1,square,distance,1839.8305841426761,5000,0.5176,0.48240000000000005,0.9648000000000001
11,ball,ball_0_alpha=1,first_mark,intersection,2427.0,5000,0.7234,0.27659999999999996,0.5531999999999999
11,ball,ball_0_alpha=1,first_mark,shared_area,31.74050809223379,5000,0.8688,0.13119999999999998,0.26239999999999997
11,ball,ball_0_alpha=1,first_mark,distance,7933.251661700304,5000,0.4288,0.5711999999999999,0.8576
11,segment,segment_1_alpha=1,product,intersection,30.0,5000,0.8056,0.19440000000000002,0.38880000000000003
11,segment,segment_1_alpha=1,product,distance,1219.3936206399999,5000,0.2674,0.7325999999999999,0.5348
11,segment,segment_1_alpha=1,product,angle,2166.0570247107903,5000,0.109,0.891,0.218
11,segment,segment_1_alpha=1,square,intersection,57.0,5000,0.481,0.519,0.962
11,segment,segment_1_alpha=1,square,distance,3007.14322077,5000,0.2538,0.7462,0.5076
11,segment,segment_1_alpha=1,square,angle,5537.846911390014,5000,0.1412,0.8588,0.2824
11,segment,segment_1_alpha=1,first_mark,intersection,87.0,5000,0.7852,0.2148,0.4296
11,segment,segment_1_alpha=1,first_mark,distance,4226.53684141,5000,0.2604,0.7396,0.5208
11,segment,segment_1_alpha=1,first_mark,angle,7703.903936100804,5000,0.1126,0.8874,0.2252
11,segment,segment_2_alpha=1,product,intersection,58.0,5000,0.524,0.476,0.952
11,segment,segment_2_alpha=1,product,distance,3019.66984358,5000,0.3898,0.6102000000000001,0.7796
11,segment,segment_2_alpha=1,product,angle,4494.73620427431,5000,0.0,1.0,0.0
11,segment,segment_2_alpha=1,square,intersection,73.0,5000,0.804,0.19599999999999995,0.3919999999999999
11,segment,segment_2_alpha=1,square,distance,3608.2215652200002,5000,0.4142,0.5858,0.8284
11,segment,segment_2_alpha=1,square,angle,7772.077675063185,5000,1.0,0.0,0.0
11,segment,segment_2_alpha=1,first_mark,intersection,131.0,5000,0.7654,0.23460000000000003,0.46920000000000006
11,segment,segment_2_alpha=1,first_mark,distance,6627.8914088,5000,0.3804,0.6195999999999999,0.7608
11,segment,segment_2_alpha=1,first_mark,angle,12266.813879337493,5000,0.3474,0.6526000000000001,0.6948
