Seed,Grain Type,Model,f-Mark Type,Weight Type,Value,Permutation Test Count,Left p-value,Right p-value,Both Sided p-value
105,ball,ball_0_alpha=0,product,intersection,576.0,5000,0.9412,0.05879999999999996,0.11759999999999993
105,ball,ball_0_alpha=0,product,shared_area,7.593113852528659,5000,0.9552,0.04479999999999995,0.0895999999999999
105,ball,ball_0_alpha=0,product,distance,2056.6862778830564,5000,0.563,0.43700000000000006,0.8740000000000001
105,ball,ball_0_alpha=0,square,intersection,438.0,5000,0.2206,0.7794,0.4412
105,ball,ball_0_alpha=0,square,shared_area,5.3875899455656855,5000,0.0942,0.9057999999999999,0.1884
105,ball,ball_0_alpha=0,square,distance,1747.4418116603645,5000,0.4516,0.5484,0.9032
105,ball,ball_0_alpha=0,first_mark,intersection,1014.0,5000,0.9514,0.04859999999999998,0.09719999999999995
105,ball,ball_0_alpha=0,first_mark,shared_area,12.980703798094344,5000,0.9242,0.07579999999999998,0.15159999999999996
105,ball,ball_0_alpha=0,first_mark,distance,3804.128089543421,5000,0.556,0.44399999999999995,0.8879999999999999
105,segment,segment_1_alpha=0,product,intersection,52.0,5000,0.7646,0.23540000000000005,0.4708000000000001
105,segment,segment_1_alpha=0,product,distance,2801.76365848,5000,0.5394,0.4606,0.9212
105,segment,segment_1_alpha=0,product,angle,4808.692425063697,5000,0.1424,0.8576,0.2848
105,segment,segment_1_alpha=0,square,intersection,30.0,5000,0.0162,0.9838,0.0324
105,segment,segment_1_alpha=0,square,distance,2391.0145208999998,5000,0.5028,0.4972,0.9944
105,segment,segment_1_alpha=0,square,angle,4311.285359862927,5000,0.6674,0.3326,0.6652
105,segment,segment_1_alpha=0,first_mark,intersection,82.0,5000,0.3034,0.6966,0.6068
105,segment,segment_1_alpha=0,first_mark,distance,5192.7781793799995,5000,0.5362,0.4638,0.9276
105,segment,segment_1_alpha=0,first_mark,angle,9119.977784926623,5000,0.1222,0.8778,0.2444
105,segment,segment_2_alpha=0,product,intersection,52.0,5000,0.7636,0.23640000000000005,0.4728000000000001
105,segment,segment_2_alpha=0,product,distance,2801.76365848,5000,0.5514,0.4486,0.8972
105,segment,segment_2_alpha=0,product,angle,4808.692425063697,5000,0.1302,0.8698,0.2604
105,segment,segment_2_alpha=0,square,intersection,30.0,5000,0.0162,0.9838,0.0324
105,segment,segment_2_alpha=0,square,distance,2391.0145208999998,5000,0.4982,0.5018,0.9964
105,segment,segment_2_alpha=0,square,angle,4311.285359862927,5000,0.6882,0.31179999999999997,0.6235999999999999
105,segment,segment_2_alpha=0,first_mark,intersection,82.0,5000,0.3078,0.6921999999999999,0.6156
105,segment,segment_2_alpha=0,first_mark,distance,5192.7781793799995,5000,0.5442,0.4558,0.9116
105,segment,segment_2_alpha=0,first_mark,angle,9119.977784926623,5000,0.1162,0.8838,0.2324
105,ball,ball_0_alpha=0.25,product,intersection,570.0,5000,0.8446,0.15539999999999998,0.31079999999999997
105,ball,ball_0_alpha=0.25,product,shared_area,7.153128184135421,5000,0.799,0.20099999999999996,0.4019999999999999
105,ball,ball_0_alpha=0.25,product,distance,2032.2914373662795,5000,0.4064,0.5936,0.8128
105,ball,ball_0_alpha=0.25,square,intersection,457.0,5000,0.4214,0.5786,0.8428
105,ball,ball_0_alpha=0.25,square,shared_area,5.67437395920221,5000,0.3574,0.6426000000000001,0.7148
105,ball,ball_0_alpha=0.25,square,distance,1757.8363798813675,5000,0.5414,0.4586,0.9172
105,ball,ball_0_alpha=0.25,first_mark,intersection,1027.0,5000,0.889,0.11099999999999999,0.22199999999999998
105,ball,ball_0_alpha=0.25,first_mark,shared_area,12.827502143337632,5000,0.7978,0.20220000000000005,0.4044000000000001
105,ball,ball_0_alpha=0.25,first_mark,distance,3790.1278172476473,5000,0.3904,0.6095999999999999,0.7808
105,segment,segment_1_alpha=0.25,product,intersection,30.0,5000,0.2566,0.7434000000000001,0.5132
105,segment,segment_1_alpha=0.25,product,distance,1818.66880992,5000,0.3234,0.6766,0.6468
105,segment,segment_1_alpha=0.25,product,angle,2881.7744948044783,5000,0.0452,0.9548,0.0904
105,segment,segment_1_alpha=0.25,square,intersection,43.0,5000,0.3874,0.6126,0.7748
105,segment,segment_1_alpha=0.25,square,distance,2359.61959641,5000,0.2778,0.7222,0.5556
105,segment,segment_1_alpha=0.25,square,angle,4082.4265095151623,5000,0.6094,0.39059999999999995,0.7811999999999999
105,segment,segment_1_alpha=0.25,first_mark,intersection,73.0,5000,0.2184,0.7816,0.4368
105,segment,segment_1_alpha=0.25,first_mark,distance,4178.28840633,5000,0.2976,0.7024,0.5952
105,segment,segment_1_alpha=0.25,first_mark,angle,6964.201004319641,5000,0.0584,0.9416,0.1168
105,segment,segment_2_alpha=0.25,product,intersection,40.0,5000,0.276,0.724,0.552
105,segment,segment_2_alpha=0.25,product,distance,2328.51487332,5000,0.1748,0.8251999999999999,0.3496
105,segment,segment_2_alpha=0.25,product,angle,3892.266823991641,5000,0.108,0.892,0.216
105,segment,segment_2_alpha=0.25,square,intersection,41.0,5000,0.2064,0.7936,0.4128
105,segment,segment_2_alpha=0.25,square,distance,2393.83035515,5000,0.3382,0.6617999999999999,0.6764
105,segment,segment_2_alpha=0.25,square,angle,4282.0931163946425,5000,0.9972,0.0028000000000000247,0.005600000000000049
105,segment,segment_2_alpha=0.25,first_mark,intersection,81.0,5000,0.1172,0.8828,0.2344
105,segment,segment_2_alpha=0.25,first_mark,distance,4722.34522847,5000,0.1512,0.8488,0.3024
105,segment,segment_2_alpha=0.25,first_mark,angle,8174.359940386284,5000,0.3132,0.6868000000000001,0.6264
105,ball,ball_0_alpha=0.5,product,intersection,672.0,5000,0.6834,0.3166,0.6332
105,ball,ball_0_alpha=0.5,product,shared_area,8.333027145515045,5000,0.4266,0.5734,0.8532
105,ball,ball_0_alpha=0.5,product,distance,2541.6347803855347,5000,0.5114,0.48860000000000003,0.9772000000000001
105,ball,ball_0_alpha=0.5,square,intersection,414.0,5000,0.0668,0.9332,0.1336
105,ball,ball_0_alpha=0.5,square,shared_area,5.534030003059888,5000,0.3002,0.6998,0.6004
105,ball,ball_0_alpha=0.5,square,distance,1696.6991240687132,5000,0.6576,0.34240000000000004,0.6848000000000001
105,ball,ball_0_alpha=0.5,first_mark,intersection,1086.0,5000,0.402,0.598,0.804
105,ball,ball_0_alpha=0.5,first_mark,shared_area,13.867057148574933,5000,0.2808,0.7192000000000001,0.5616
105,ball,ball_0_alpha=0.5,first_mark,distance,4238.333904454247,5000,0.5514,0.4486,0.8972
105,segment,segment_1_alpha=0.5,product,intersection,40.0,5000,0.912,0.08799999999999997,0.17599999999999993
105,segment,segment_1_alpha=0.5,product,distance,1564.44365542,5000,0.6104,0.38959999999999995,0.7791999999999999
105,segment,segment_1_alpha=0.5,product,angle,2884.3843698592605,5000,0.5604,0.4396,0.8792
105,segment,segment_1_alpha=0.5,square,intersection,36.0,5000,0.0484,0.9516,0.0968
105,segment,segment_1_alpha=0.5,square,distance,2315.9222988999995,5000,0.467,0.5329999999999999,0.934
105,segment,segment_1_alpha=0.5,square,angle,4271.861769474033,5000,0.4454,0.5546,0.8908
105,segment,segment_1_alpha=0.5,first_mark,intersection,76.0,5000,0.6436,0.35640000000000005,0.7128000000000001
105,segment,segment_1_alpha=0.5,first_mark,distance,3880.3659543199997,5000,0.5788,0.4212,0.8424
105,segment,segment_1_alpha=0.5,first_mark,angle,7156.246139333294,5000,0.5332,0.4668,0.9336
105,segment,segment_2_alpha=0.5,product,intersection,58.0,5000,0.6844,0.3156,0.6312
105,segment,segment_2_alpha=0.5,product,distance,2750.4108119400003,5000,0.3174,0.6826,0.6348
105,segment,segment_2_alpha=0.5,product,angle,5100.535113335632,5000,0.3946,0.6053999999999999,0.7892
105,segment,segment_2_alpha=0.5,square,intersection,41.0,5000,0.1694,0.8306,0.3388
105,segment,segment_2_alpha=0.5,square,distance,2384.87890757,5000,0.4246,0.5754,0.8492
105,segment,segment_2_alpha=0.5,square,angle,4449.603900904417,5000,0.8648,0.1352,0.2704
105,segment,segment_2_alpha=0.5,first_mark,intersection,99.0,5000,0.5342,0.4658,0.9316
105,segment,segment_2_alpha=0.5,first_mark,distance,5135.28971951,5000,0.2846,0.7154,0.5692
105,segment,segment_2_alpha=0.5,first_mark,angle,9550.139014240047,5000,0.4618,0.5382,0.9236
105,ball,ball_0_alpha=0.75,product,intersection,792.0,5000,0.9622,0.037799999999999945,0.07559999999999989
105,ball,ball_0_alpha=0.75,product,shared_area,10.977542728855353,5000,0.9962,0.0038000000000000256,0.007600000000000051
105,ball,ball_0_alpha=0.75,product,distance,2625.315669844142,5000,0.1466,0.8533999999999999,0.2932
105,ball,ball_0_alpha=0.75,square,intersection,429.0,5000,0.2476,0.7524,0.4952
105,ball,ball_0_alpha=0.75,square,shared_area,5.350559262640295,5000,0.1384,0.8616,0.2768
105,ball,ball_0_alpha=0.75,square,distance,1665.9291163856942,5000,0.8044,0.1956,0.3912
105,ball,ball_0_alpha=0.75,first_mark,intersection,1221.0,5000,0.9872,0.012800000000000034,0.025600000000000067
105,ball,ball_0_alpha=0.75,first_mark,shared_area,16.328101991495647,5000,0.9998,0.00019999999999997797,0.00039999999999995595
105,ball,ball_0_alpha=0.75,first_mark,distance,4291.244786229836,5000,0.1412,0.8588,0.2824
105,segment,segment_1_alpha=0.75,product,intersection,12.0,5000,0.0892,0.9108,0.1784
105,segment,segment_1_alpha=0.75,product,distance,1049.5883692999998,5000,0.741,0.259,0.518
105,segment,segment_1_alpha=0.75,product,angle,2010.8793972549786,5000,0.9634,0.036599999999999966,0.07319999999999993
105,segment,segment_1_alpha=0.75,square,intersection,44.0,5000,0.8832,0.11680000000000001,0.23360000000000003
105,segment,segment_1_alpha=0.75,square,distance,2131.75203602,5000,0.4714,0.5286,0.9428
105,segment,segment_1_alpha=0.75,square,angle,3925.5114654006184,5000,0.9732,0.026800000000000046,0.05360000000000009
105,segment,segment_1_alpha=0.75,first_mark,intersection,56.0,5000,0.442,0.558,0.884
105,segment,segment_1_alpha=0.75,first_mark,distance,3181.34040532,5000,0.6546,0.34540000000000004,0.6908000000000001
105,segment,segment_1_alpha=0.75,first_mark,angle,5936.390862655597,5000,0.9732,0.026800000000000046,0.05360000000000009
105,segment,segment_2_alpha=0.75,product,intersection,30.0,5000,0.2284,0.7716000000000001,0.4568
105,segment,segment_2_alpha=0.75,product,distance,2041.71674204,5000,0.951,0.049000000000000044,0.09800000000000009
105,segment,segment_2_alpha=0.75,product,angle,3246.8870380518315,5000,0.1402,0.8598,0.2804
105,segment,segment_2_alpha=0.75,square,intersection,45.0,5000,0.6194,0.38060000000000005,0.7612000000000001
105,segment,segment_2_alpha=0.75,square,distance,2393.1645396699996,5000,0.49,0.51,0.98
105,segment,segment_2_alpha=0.75,square,angle,4736.148691455498,5000,1.0,0.0,0.0
105,segment,segment_2_alpha=0.75,first_mark,intersection,75.0,5000,0.3236,0.6764,0.6472
105,segment,segment_2_alpha=0.75,first_mark,distance,4434.88128171,5000,0.9288,0.07120000000000004,0.14240000000000008
105,segment,segment_2_alpha=0.75,first_mark,angle,7983.035729507328,5000,0.9562,0.04379999999999995,0.0875999999999999
105,ball,ball_0_alpha=1,product,intersection,914.0,5000,0.9392,0.060799999999999965,0.12159999999999993
105,ball,ball_0_alpha=1,product,shared_area,11.515770771820284,5000,0.9234,0.0766,0.1532
105,ball,ball_0_alpha=1,product,distance,3354.105160734672,5000,0.3578,0.6422,0.7156
105,ball,ball_0_alpha=1,square,intersection,371.0,5000,0.243,0.757,0.486
105,ball,ball_0_alpha=1,square,shared_area,4.794218164927414,5000,0.526,0.474,0.948
105,ball,ball_0_alpha=1,square,distance,1517.1127704062756,5000,0.651,0.349,0.698
105,ball,ball_0_alpha=1,first_mark,intersection,1285.0,5000,0.9756,0.024399999999999977,0.048799999999999955
105,ball,ball_0_alpha=1,first_mark,shared_area,16.309988936747697,5000,0.9896,0.010399999999999965,0.02079999999999993
105,ball,ball_0_alpha=1,first_mark,distance,4871.217931140948,5000,0.3632,0.6368,0.7264
105,segment,segment_1_alpha=1,product,intersection,14.0,5000,0.9132,0.08679999999999999,0.17359999999999998
105,segment,segment_1_alpha=1,product,distance,376.87393294000003,5000,0.0432,0.9568,0.0864
105,segment,segment_1_alpha=1,product,angle,691.8263457329168,5000,0.074,0.926,0.148
105,segment,segment_1_alpha=1,square,intersection,26.0,5000,0.2142,0.7858,0.4284
105,segment,segment_1_alpha=1,square,distance,1596.00657663,5000,0.283,0.7170000000000001,0.566
105,segment,segment_1_alpha=1,square,angle,2889.6348682325834,5000,0.0442,0.9558,0.0884
105,segment,segment_1_alpha=1,first_mark,intersection,40.0,5000,0.7062,0.29379999999999995,0.5875999999999999
105,segment,segment_1_alpha=1,first_mark,distance,1972.88050957,5000,0.1278,0.8722,0.2556
105,segment,segment_1_alpha=1,first_mark,angle,3581.4612139655005,5000,0.0518,0.9482,0.1036
105,segment,segment_2_alpha=1,product,intersection,38.0,5000,0.0944,0.9056,0.1888
105,segment,segment_2_alpha=1,product,distance,2671.2116800400004,5000,0.6992,0.30079999999999996,0.6015999999999999
105,segment,segment_2_alpha=1,product,angle,3724.966892754656,5000,0.0,1.0,0.0
105,segment,segment_2_alpha=1,square,intersection,54.0,5000,0.9922,0.007800000000000029,0.015600000000000058
105,segment,segment_2_alpha=1,square,distance,2399.2971063699997,5000,0.6286,0.37139999999999995,0.7427999999999999
105,segment,segment_2_alpha=1,square,angle,5748.542837332558,5000,1.0,0.0,0.0
105,segment,segment_2_alpha=1,first_mark,intersection,92.0,5000,0.556,0.44399999999999995,0.8879999999999999
105,segment,segment_2_alpha=1,first_mark,distance,5070.5087864100005,5000,0.7132,0.28680000000000005,0.5736000000000001
105,segment,segment_2_alpha=1,first_mark,angle,9473.509730087215,5000,0.574,0.42600000000000005,0.8520000000000001
