Seed,Grain Type,Model,f-Mark Type,Weight Type,Value,Permutation Test Count,Left p-value,Right p-value,Both Sided p-value
3,ball,ball_0_alpha=0,product,intersection,702.0,5000,0.6346,0.36539999999999995,0.7307999999999999
3,ball,ball_0_alpha=0,product,shared_area,8.985956052324216,5000,0.777,0.22299999999999998,0.44599999999999995
3,ball,ball_0_alpha=0,product,distance,2291.1530926561068,5000,0.7658,0.23419999999999996,0.4683999999999999
3,ball,ball_0_alpha=0,square,intersection,695.0,5000,0.125,0.875,0.25
3,ball,ball_0_alpha=0,square,shared_area,8.593127732255798,5000,0.1752,0.8248,0.3504
3,ball,ball_0_alpha=0,square,distance,2304.7359271937303,5000,0.5868,0.4132,0.8264
3,ball,ball_0_alpha=0,first_mark,intersection,1397.0,5000,0.4444,0.5556,0.8888
3,ball,ball_0_alpha=0,first_mark,shared_area,17.57908378458001,5000,0.6304,0.36960000000000004,0.7392000000000001
3,ball,ball_0_alpha=0,first_mark,distance,4595.889019849837,5000,0.7626,0.23740000000000006,0.4748000000000001
3,segment,segment_1_alpha=0,product,intersection,66.0,5000,0.9244,0.0756,0.1512
3,segment,segment_1_alpha=0,product,distance,3197.66330938,5000,0.81,0.18999999999999995,0.3799999999999999
3,segment,segment_1_alpha=0,product,angle,6378.772005469504,5000,0.3268,0.6732,0.6536
3,segment,segment_1_alpha=0,square,intersection,52.0,5000,0.3184,0.6816,0.6368
3,segment,segment_1_alpha=0,square,distance,3231.74420617,5000,0.5988,0.4012,0.8024
3,segment,segment_1_alpha=0,square,angle,6761.730812699643,5000,0.8792,0.12080000000000002,0.24160000000000004
3,segment,segment_1_alpha=0,first_mark,intersection,118.0,5000,0.9458,0.054200000000000026,0.10840000000000005
3,segment,segment_1_alpha=0,first_mark,distance,6429.40751555,5000,0.8096,0.1904,0.3808
3,segment,segment_1_alpha=0,first_mark,angle,13140.502818169147,5000,0.394,0.606,0.788
3,segment,segment_2_alpha=0,product,intersection,66.0,5000,0.9246,0.07540000000000002,0.15080000000000005
3,segment,segment_2_alpha=0,product,distance,3197.66330938,5000,0.8106,0.1894,0.3788
3,segment,segment_2_alpha=0,product,angle,6378.772005469504,5000,0.3268,0.6732,0.6536
3,segment,segment_2_alpha=0,square,intersection,52.0,5000,0.3188,0.6812,0.6376
3,segment,segment_2_alpha=0,square,distance,3231.74420617,5000,0.6006,0.3994,0.7988
3,segment,segment_2_alpha=0,square,angle,6761.730812699643,5000,0.872,0.128,0.256
3,segment,segment_2_alpha=0,first_mark,intersection,118.0,5000,0.944,0.05600000000000005,0.1120000000000001
3,segment,segment_2_alpha=0,first_mark,distance,6429.40751555,5000,0.8082,0.19179999999999997,0.38359999999999994
3,segment,segment_2_alpha=0,first_mark,angle,13140.502818169147,5000,0.4028,0.5972,0.8056
3,ball,ball_0_alpha=0.25,product,intersection,1028.0,5000,0.8654,0.13460000000000005,0.2692000000000001
3,ball,ball_0_alpha=0.25,product,shared_area,12.797113152703005,5000,0.769,0.23099999999999998,0.46199999999999997
3,ball,ball_0_alpha=0.25,product,distance,3037.7049804364838,5000,0.1542,0.8458,0.3084
3,ball,ball_0_alpha=0.25,square,intersection,698.0,5000,0.7254,0.27459999999999996,0.5491999999999999
3,ball,ball_0_alpha=0.25,square,shared_area,8.801033285818065,5000,0.701,0.29900000000000004,0.5980000000000001
3,ball,ball_0_alpha=0.25,square,distance,2239.292029042283,5000,0.7356,0.26439999999999997,0.5287999999999999
3,ball,ball_0_alpha=0.25,first_mark,intersection,1726.0,5000,0.9566,0.043399999999999994,0.08679999999999999
3,ball,ball_0_alpha=0.25,first_mark,shared_area,21.598146438521074,5000,0.8744,0.12560000000000004,0.2512000000000001
3,ball,ball_0_alpha=0.25,first_mark,distance,5276.997009478767,5000,0.1402,0.8598,0.2804
3,segment,segment_1_alpha=0.25,product,intersection,50.0,5000,0.8736,0.12639999999999996,0.2527999999999999
3,segment,segment_1_alpha=0.25,product,distance,2323.99316778,5000,0.0996,0.9004,0.1992
3,segment,segment_1_alpha=0.25,product,angle,4897.921995531551,5000,0.9268,0.07320000000000004,0.14640000000000009
3,segment,segment_1_alpha=0.25,square,intersection,51.0,5000,0.3926,0.6073999999999999,0.7852
3,segment,segment_1_alpha=0.25,square,distance,3169.6029396999998,5000,0.114,0.886,0.228
3,segment,segment_1_alpha=0.25,square,angle,6118.00520666752,5000,0.9556,0.044399999999999995,0.08879999999999999
3,segment,segment_1_alpha=0.25,first_mark,intersection,101.0,5000,0.8862,0.11380000000000001,0.22760000000000002
3,segment,segment_1_alpha=0.25,first_mark,distance,5493.59610748,5000,0.0936,0.9064,0.1872
3,segment,segment_1_alpha=0.25,first_mark,angle,11015.927202199071,5000,0.9498,0.05020000000000002,0.10040000000000004
3,segment,segment_2_alpha=0.25,product,intersection,66.0,5000,0.9694,0.03059999999999996,0.06119999999999992
3,segment,segment_2_alpha=0.25,product,distance,2811.35857774,5000,0.0624,0.9376,0.1248
3,segment,segment_2_alpha=0.25,product,angle,5824.696897199885,5000,0.8498,0.1502,0.3004
3,segment,segment_2_alpha=0.25,square,intersection,48.0,5000,0.1576,0.8424,0.3152
3,segment,segment_2_alpha=0.25,square,distance,3238.26832475,5000,0.6388,0.36119999999999997,0.7223999999999999
3,segment,segment_2_alpha=0.25,square,angle,6232.964113663841,5000,0.9794,0.02059999999999995,0.0411999999999999
3,segment,segment_2_alpha=0.25,first_mark,intersection,114.0,5000,0.9584,0.04159999999999997,0.08319999999999994
3,segment,segment_2_alpha=0.25,first_mark,distance,6049.62690249,5000,0.0686,0.9314,0.1372
3,segment,segment_2_alpha=0.25,first_mark,angle,12057.661010863725,5000,0.9258,0.07420000000000004,0.1484000000000001
3,ball,ball_0_alpha=0.5,product,intersection,1240.0,5000,0.725,0.275,0.55
3,ball,ball_0_alpha=0.5,product,shared_area,15.541779809311722,5000,0.725,0.275,0.55
3,ball,ball_0_alpha=0.5,product,distance,3881.1478865200597,5000,0.5528,0.44720000000000004,0.8944000000000001
3,ball,ball_0_alpha=0.5,square,intersection,642.0,5000,0.265,0.735,0.53
3,ball,ball_0_alpha=0.5,square,shared_area,8.062854654749225,5000,0.3606,0.6394,0.7212
3,ball,ball_0_alpha=0.5,square,distance,2091.2600112657337,5000,0.6358,0.36419999999999997,0.7283999999999999
3,ball,ball_0_alpha=0.5,first_mark,intersection,1882.0,5000,0.683,0.31699999999999995,0.6339999999999999
3,ball,ball_0_alpha=0.5,first_mark,shared_area,23.604634464060947,5000,0.7246,0.2754,0.5508
3,ball,ball_0_alpha=0.5,first_mark,distance,5972.4078977857935,5000,0.6158,0.3842,0.7684
3,segment,segment_1_alpha=0.5,product,intersection,46.0,5000,0.8334,0.16659999999999997,0.33319999999999994
3,segment,segment_1_alpha=0.5,product,distance,2086.2103094400004,5000,0.7708,0.22919999999999996,0.4583999999999999
3,segment,segment_1_alpha=0.5,product,angle,4104.981443620491,5000,0.6236,0.37639999999999996,0.7527999999999999
3,segment,segment_1_alpha=0.5,square,intersection,59.0,5000,0.5938,0.4062,0.8124
3,segment,segment_1_alpha=0.5,square,distance,3159.686473,5000,0.9734,0.026599999999999957,0.053199999999999914
3,segment,segment_1_alpha=0.5,square,angle,6178.857364105124,5000,0.509,0.491,0.982
3,segment,segment_1_alpha=0.5,first_mark,intersection,105.0,5000,0.8992,0.1008,0.2016
3,segment,segment_1_alpha=0.5,first_mark,distance,5245.896782439999,5000,0.8648,0.1352,0.2704
3,segment,segment_1_alpha=0.5,first_mark,angle,10283.838807725615,5000,0.6002,0.39980000000000004,0.7996000000000001
3,segment,segment_2_alpha=0.5,product,intersection,80.0,5000,0.9602,0.03979999999999995,0.0795999999999999
3,segment,segment_2_alpha=0.5,product,distance,3311.6538570599996,5000,0.2974,0.7026,0.5948
3,segment,segment_2_alpha=0.5,product,angle,6485.091029873246,5000,0.2016,0.7984,0.4032
3,segment,segment_2_alpha=0.5,square,intersection,59.0,5000,0.396,0.604,0.792
3,segment,segment_2_alpha=0.5,square,distance,3239.44494243,5000,0.6426,0.35740000000000005,0.7148000000000001
3,segment,segment_2_alpha=0.5,square,angle,6702.97084639322,5000,0.9992,0.0008000000000000229,0.0016000000000000458
3,segment,segment_2_alpha=0.5,first_mark,intersection,139.0,5000,0.9848,0.015199999999999991,0.030399999999999983
3,segment,segment_2_alpha=0.5,first_mark,distance,6551.098799490001,5000,0.296,0.704,0.592
3,segment,segment_2_alpha=0.5,first_mark,angle,13188.061876266464,5000,0.565,0.43500000000000005,0.8700000000000001
3,ball,ball_0_alpha=0.75,product,intersection,1254.0,5000,0.8734,0.12660000000000005,0.2532000000000001
3,ball,ball_0_alpha=0.75,product,shared_area,18.424516963876897,5000,0.9962,0.0038000000000000256,0.007600000000000051
3,ball,ball_0_alpha=0.75,product,distance,3590.5487963641117,5000,0.4584,0.5416000000000001,0.9168
3,ball,ball_0_alpha=0.75,square,intersection,689.0,5000,0.3286,0.6714,0.6572
3,ball,ball_0_alpha=0.75,square,shared_area,8.474160678200114,5000,0.0152,0.9848,0.0304
3,ball,ball_0_alpha=0.75,square,distance,2104.8714847590154,5000,0.4308,0.5691999999999999,0.8616
3,ball,ball_0_alpha=0.75,first_mark,intersection,1943.0,5000,0.9152,0.08479999999999999,0.16959999999999997
3,ball,ball_0_alpha=0.75,first_mark,shared_area,26.898677642077008,5000,0.996,0.0040000000000000036,0.008000000000000007
3,ball,ball_0_alpha=0.75,first_mark,distance,5695.420281123127,5000,0.4276,0.5724,0.8552
3,segment,segment_1_alpha=0.75,product,intersection,16.0,5000,0.8518,0.1482,0.2964
3,segment,segment_1_alpha=0.75,product,distance,550.5772661999999,5000,0.18,0.8200000000000001,0.36
3,segment,segment_1_alpha=0.75,product,angle,1188.8721515278182,5000,0.5,0.5,1.0
3,segment,segment_1_alpha=0.75,square,intersection,47.0,5000,0.9202,0.07979999999999998,0.15959999999999996
3,segment,segment_1_alpha=0.75,square,distance,2127.00280298,5000,0.0858,0.9142,0.1716
3,segment,segment_1_alpha=0.75,square,angle,4539.771239740487,5000,0.7794,0.22060000000000002,0.44120000000000004
3,segment,segment_1_alpha=0.75,first_mark,intersection,63.0,5000,0.9712,0.028800000000000048,0.057600000000000096
3,segment,segment_1_alpha=0.75,first_mark,distance,2677.58006918,5000,0.1154,0.8846,0.2308
3,segment,segment_1_alpha=0.75,first_mark,angle,5728.643391268306,5000,0.675,0.32499999999999996,0.6499999999999999
3,segment,segment_2_alpha=0.75,product,intersection,70.0,5000,0.627,0.373,0.746
3,segment,segment_2_alpha=0.75,product,distance,3771.69894644,5000,0.6884,0.3116,0.6232
3,segment,segment_2_alpha=0.75,product,angle,6097.245550806363,5000,0.0,1.0,0.0
3,segment,segment_2_alpha=0.75,square,intersection,61.0,5000,0.7096,0.2904,0.5808
3,segment,segment_2_alpha=0.75,square,distance,3221.6844492200003,5000,0.4048,0.5952,0.8096
3,segment,segment_2_alpha=0.75,square,angle,7565.106309633435,5000,1.0,0.0,0.0
3,segment,segment_2_alpha=0.75,first_mark,intersection,131.0,5000,0.8048,0.19520000000000004,0.3904000000000001
3,segment,segment_2_alpha=0.75,first_mark,distance,6993.383395660001,5000,0.6882,0.31179999999999997,0.6235999999999999
3,segment,segment_2_alpha=0.75,first_mark,angle,13662.351860439798,5000,0.0376,0.9624,0.0752
3,ball,ball_0_alpha=1,product,intersection,1642.0,5000,0.753,0.247,0.494
3,ball,ball_0_alpha=1,product,shared_area,21.642925661749633,5000,0.994,0.006000000000000005,0.01200000000000001
3,ball,ball_0_alpha=1,product,distance,5105.451644003609,5000,0.5142,0.4858,0.9716
3,ball,ball_0_alpha=1,square,intersection,516.0,5000,0.081,0.919,0.162
3,ball,ball_0_alpha=1,square,shared_area,5.360373167502319,5000,0.0004,0.9996,0.0008
3,ball,ball_0_alpha=1,square,distance,1734.454665550564,5000,0.4258,0.5742,0.8516
3,ball,ball_0_alpha=1,first_mark,intersection,2158.0,5000,0.5688,0.4312,0.8624
3,ball,ball_0_alpha=1,first_mark,shared_area,27.003298829251953,5000,0.9392,0.060799999999999965,0.12159999999999993
3,ball,ball_0_alpha=1,first_mark,distance,6839.906309554172,5000,0.4886,0.5114000000000001,0.9772
3,segment,segment_1_alpha=1,product,intersection,28.0,5000,0.972,0.028000000000000025,0.05600000000000005
3,segment,segment_1_alpha=1,product,distance,859.5276954,5000,0.8796,0.12039999999999995,0.2407999999999999
3,segment,segment_1_alpha=1,product,angle,1766.8096644701507,5000,0.7028,0.2972,0.5944
3,segment,segment_1_alpha=1,square,intersection,44.0,5000,0.1178,0.8822,0.2356
3,segment,segment_1_alpha=1,square,distance,2479.0563179700002,5000,0.793,0.20699999999999996,0.4139999999999999
3,segment,segment_1_alpha=1,square,angle,5247.228363632147,5000,0.7258,0.2742,0.5484
3,segment,segment_1_alpha=1,first_mark,intersection,72.0,5000,0.7952,0.20479999999999998,0.40959999999999996
3,segment,segment_1_alpha=1,first_mark,distance,3338.5840133700003,5000,0.846,0.15400000000000003,0.30800000000000005
3,segment,segment_1_alpha=1,first_mark,angle,7014.038028102297,5000,0.7182,0.28180000000000005,0.5636000000000001
3,segment,segment_2_alpha=1,product,intersection,56.0,5000,0.0188,0.9812,0.0376
3,segment,segment_2_alpha=1,product,distance,3607.3900201,5000,0.4902,0.5098,0.9804
3,segment,segment_2_alpha=1,product,angle,5633.667642565374,5000,0.0,1.0,0.0
3,segment,segment_2_alpha=1,square,intersection,81.0,5000,0.9982,0.0018000000000000238,0.0036000000000000476
3,segment,segment_2_alpha=1,square,distance,3204.73470056,5000,0.2032,0.7968,0.4064
3,segment,segment_2_alpha=1,square,angle,8778.010946056951,5000,1.0,0.0,0.0
3,segment,segment_2_alpha=1,first_mark,intersection,137.0,5000,0.3532,0.6468,0.7064
3,segment,segment_2_alpha=1,first_mark,distance,6812.124720659999,5000,0.4416,0.5584,0.8832
3,segment,segment_2_alpha=1,first_mark,angle,14411.678588622326,5000,0.2984,0.7016,0.5968
