Seed,Grain Type,Model,f-Mark Type,Weight Type,Value,Permutation Test Count,Left p-value,Right p-value,Both Sided p-value
10,ball,ball_0_alpha=0,product,intersection,554.0,5000,0.2304,0.7696000000000001,0.4608
10,ball,ball_0_alpha=0,product,shared_area,7.30335778742005,5000,0.3914,0.6086,0.7828
10,ball,ball_0_alpha=0,product,distance,2227.0996326564828,5000,0.3038,0.6961999999999999,0.6076
10,ball,ball_0_alpha=0,square,intersection,574.0,5000,0.4026,0.5973999999999999,0.8052
10,ball,ball_0_alpha=0,square,shared_area,7.4648324030186615,5000,0.4418,0.5582,0.8836
10,ball,ball_0_alpha=0,square,distance,2266.3615075343596,5000,0.6168,0.3832,0.7664
10,ball,ball_0_alpha=0,first_mark,intersection,1128.0,5000,0.1848,0.8152,0.3696
10,ball,ball_0_alpha=0,first_mark,shared_area,14.768190190438713,5000,0.3362,0.6638,0.6724
10,ball,ball_0_alpha=0,first_mark,distance,4493.461140190842,5000,0.3002,0.6998,0.6004
10,segment,segment_1_alpha=0,product,intersection,68.0,5000,0.941,0.05900000000000005,0.1180000000000001
10,segment,segment_1_alpha=0,product,distance,3057.51193986,5000,0.35,0.65,0.7
10,segment,segment_1_alpha=0,product,angle,5822.936701804667,5000,0.5462,0.4538,0.9076
10,segment,segment_1_alpha=0,square,intersection,50.0,5000,0.1954,0.8046,0.3908
10,segment,segment_1_alpha=0,square,distance,3088.67346724,5000,0.623,0.377,0.754
10,segment,segment_1_alpha=0,square,angle,5771.784216225349,5000,0.207,0.793,0.414
10,segment,segment_1_alpha=0,first_mark,intersection,118.0,5000,0.9394,0.06059999999999999,0.12119999999999997
10,segment,segment_1_alpha=0,first_mark,distance,6146.1854071,5000,0.3544,0.6456,0.7088
10,segment,segment_1_alpha=0,first_mark,angle,11594.720918030016,5000,0.516,0.484,0.968
10,segment,segment_2_alpha=0,product,intersection,68.0,5000,0.9406,0.05940000000000001,0.11880000000000002
10,segment,segment_2_alpha=0,product,distance,3057.51193986,5000,0.362,0.638,0.724
10,segment,segment_2_alpha=0,product,angle,5822.936701804667,5000,0.5304,0.4696,0.9392
10,segment,segment_2_alpha=0,square,intersection,50.0,5000,0.202,0.798,0.404
10,segment,segment_2_alpha=0,square,distance,3088.67346724,5000,0.6252,0.3748,0.7496
10,segment,segment_2_alpha=0,square,angle,5771.784216225349,5000,0.2204,0.7796,0.4408
10,segment,segment_2_alpha=0,first_mark,intersection,118.0,5000,0.9336,0.06640000000000001,0.13280000000000003
10,segment,segment_2_alpha=0,first_mark,distance,6146.1854071,5000,0.3628,0.6372,0.7256
10,segment,segment_2_alpha=0,first_mark,angle,11594.720918030016,5000,0.5006,0.49939999999999996,0.9987999999999999
10,ball,ball_0_alpha=0.25,product,intersection,578.0,5000,0.4516,0.5484,0.9032
10,ball,ball_0_alpha=0.25,product,shared_area,8.162095113921419,5000,0.822,0.17800000000000005,0.3560000000000001
10,ball,ball_0_alpha=0.25,product,distance,2282.563657299829,5000,0.2706,0.7294,0.5412
10,ball,ball_0_alpha=0.25,square,intersection,574.0,5000,0.6458,0.35419999999999996,0.7083999999999999
10,ball,ball_0_alpha=0.25,square,shared_area,7.182935636184341,5000,0.1944,0.8056,0.3888
10,ball,ball_0_alpha=0.25,square,distance,2284.447221434034,5000,0.886,0.11399999999999999,0.22799999999999998
10,ball,ball_0_alpha=0.25,first_mark,intersection,1152.0,5000,0.544,0.45599999999999996,0.9119999999999999
10,ball,ball_0_alpha=0.25,first_mark,shared_area,15.34503075010576,5000,0.732,0.268,0.536
10,ball,ball_0_alpha=0.25,first_mark,distance,4567.010878733863,5000,0.3424,0.6576,0.6848
10,segment,segment_1_alpha=0.25,product,intersection,30.0,5000,0.4358,0.5642,0.8716
10,segment,segment_1_alpha=0.25,product,distance,1633.458406,5000,0.1314,0.8686,0.2628
10,segment,segment_1_alpha=0.25,product,angle,2906.8463297630183,5000,0.0884,0.9116,0.1768
10,segment,segment_1_alpha=0.25,square,intersection,50.0,5000,0.3284,0.6716,0.6568
10,segment,segment_1_alpha=0.25,square,distance,2872.8268095099997,5000,0.1214,0.8786,0.2428
10,segment,segment_1_alpha=0.25,square,angle,5310.891074562889,5000,0.3976,0.6024,0.7952
10,segment,segment_1_alpha=0.25,first_mark,intersection,80.0,5000,0.3482,0.6517999999999999,0.6964
10,segment,segment_1_alpha=0.25,first_mark,distance,4506.285215509999,5000,0.1154,0.8846,0.2308
10,segment,segment_1_alpha=0.25,first_mark,angle,8217.737404325908,5000,0.125,0.875,0.25
10,segment,segment_2_alpha=0.25,product,intersection,48.0,5000,0.525,0.475,0.95
10,segment,segment_2_alpha=0.25,product,distance,2604.5460443,5000,0.4668,0.5332,0.9336
10,segment,segment_2_alpha=0.25,product,angle,4463.7609801874005,5000,0.0566,0.9434,0.1132
10,segment,segment_2_alpha=0.25,square,intersection,56.0,5000,0.5328,0.46719999999999995,0.9343999999999999
10,segment,segment_2_alpha=0.25,square,distance,3075.20714236,5000,0.5192,0.4808,0.9616
10,segment,segment_2_alpha=0.25,square,angle,5921.82060361491,5000,0.999,0.0010000000000000009,0.0020000000000000018
10,segment,segment_2_alpha=0.25,first_mark,intersection,104.0,5000,0.5838,0.4162,0.8324
10,segment,segment_2_alpha=0.25,first_mark,distance,5679.75318666,5000,0.4652,0.5347999999999999,0.9304
10,segment,segment_2_alpha=0.25,first_mark,angle,10385.581583802312,5000,0.358,0.642,0.716
10,ball,ball_0_alpha=0.5,product,intersection,876.0,5000,0.8712,0.12880000000000003,0.25760000000000005
10,ball,ball_0_alpha=0.5,product,shared_area,11.803729151087817,5000,0.7634,0.23660000000000003,0.47320000000000007
10,ball,ball_0_alpha=0.5,product,distance,3121.3680607324704,5000,0.5816,0.4184,0.8368
10,ball,ball_0_alpha=0.5,square,intersection,587.0,5000,0.5626,0.4374,0.8748
10,ball,ball_0_alpha=0.5,square,shared_area,8.104774063075084,5000,0.735,0.265,0.53
10,ball,ball_0_alpha=0.5,square,distance,2153.249905760724,5000,0.3406,0.6594,0.6812
10,ball,ball_0_alpha=0.5,first_mark,intersection,1463.0,5000,0.955,0.04500000000000004,0.09000000000000008
10,ball,ball_0_alpha=0.5,first_mark,shared_area,19.9085032141629,5000,0.9098,0.09019999999999995,0.1803999999999999
10,ball,ball_0_alpha=0.5,first_mark,distance,5274.617966493193,5000,0.5536,0.4464,0.8928
10,segment,segment_1_alpha=0.5,product,intersection,14.0,5000,0.311,0.6890000000000001,0.622
10,segment,segment_1_alpha=0.5,product,distance,955.6480763799999,5000,0.6762,0.3238,0.6476
10,segment,segment_1_alpha=0.5,product,angle,1636.274459468823,5000,0.1784,0.8216,0.3568
10,segment,segment_1_alpha=0.5,square,intersection,43.0,5000,0.464,0.536,0.928
10,segment,segment_1_alpha=0.5,square,distance,2483.10242142,5000,0.5518,0.44820000000000004,0.8964000000000001
10,segment,segment_1_alpha=0.5,square,angle,4519.176562076267,5000,0.1828,0.8172,0.3656
10,segment,segment_1_alpha=0.5,first_mark,intersection,57.0,5000,0.3684,0.6315999999999999,0.7368
10,segment,segment_1_alpha=0.5,first_mark,distance,3438.7504978,5000,0.6282,0.3718,0.7436
10,segment,segment_1_alpha=0.5,first_mark,angle,6155.45102154509,5000,0.1752,0.8248,0.3504
10,segment,segment_2_alpha=0.5,product,intersection,42.0,5000,0.0388,0.9612,0.0776
10,segment,segment_2_alpha=0.5,product,distance,3352.10311894,5000,0.5724,0.4276,0.8552
10,segment,segment_2_alpha=0.5,product,angle,5392.257816759538,5000,0.0006,0.9994,0.0012
10,segment,segment_2_alpha=0.5,square,intersection,56.0,5000,0.6734,0.3266,0.6532
10,segment,segment_2_alpha=0.5,square,distance,3099.56478267,5000,0.937,0.06299999999999994,0.1259999999999999
10,segment,segment_2_alpha=0.5,square,angle,6114.385590205107,5000,1.0,0.0,0.0
10,segment,segment_2_alpha=0.5,first_mark,intersection,98.0,5000,0.0496,0.9504,0.0992
10,segment,segment_2_alpha=0.5,first_mark,distance,6451.667901610001,5000,0.7086,0.2914,0.5828
10,segment,segment_2_alpha=0.5,first_mark,angle,11506.643406964646,5000,0.035,0.965,0.07
10,ball,ball_0_alpha=0.75,product,intersection,1194.0,5000,0.9298,0.07020000000000004,0.14040000000000008
10,ball,ball_0_alpha=0.75,product,shared_area,15.87716719156968,5000,0.955,0.04500000000000004,0.09000000000000008
10,ball,ball_0_alpha=0.75,product,distance,4495.164299477166,5000,0.5032,0.4968,0.9936
10,ball,ball_0_alpha=0.75,square,intersection,441.0,5000,0.0286,0.9714,0.0572
10,ball,ball_0_alpha=0.75,square,shared_area,5.620529730120416,5000,0.0378,0.9621999999999999,0.0756
10,ball,ball_0_alpha=0.75,square,distance,1885.7750633059245,5000,0.6138,0.3862,0.7724
10,ball,ball_0_alpha=0.75,first_mark,intersection,1635.0,5000,0.8218,0.17820000000000003,0.35640000000000005
10,ball,ball_0_alpha=0.75,first_mark,shared_area,21.497696921690096,5000,0.9086,0.09140000000000004,0.18280000000000007
10,ball,ball_0_alpha=0.75,first_mark,distance,6380.9393627830905,5000,0.5598,0.44020000000000004,0.8804000000000001
10,segment,segment_1_alpha=0.75,product,intersection,24.0,5000,0.8452,0.15480000000000005,0.3096000000000001
10,segment,segment_1_alpha=0.75,product,distance,935.8435674,5000,0.1138,0.8862,0.2276
10,segment,segment_1_alpha=0.75,product,angle,1688.0351379823298,5000,0.3378,0.6622,0.6756
10,segment,segment_1_alpha=0.75,square,intersection,40.0,5000,0.1954,0.8046,0.3908
10,segment,segment_1_alpha=0.75,square,distance,2518.9729764,5000,0.3554,0.6446000000000001,0.7108
10,segment,segment_1_alpha=0.75,square,angle,4397.553410709295,5000,0.3798,0.6202,0.7596
10,segment,segment_1_alpha=0.75,first_mark,intersection,64.0,5000,0.6332,0.3668,0.7336
10,segment,segment_1_alpha=0.75,first_mark,distance,3454.8165437999996,5000,0.1856,0.8144,0.3712
10,segment,segment_1_alpha=0.75,first_mark,angle,6085.588548691625,5000,0.3536,0.6464,0.7072
10,segment,segment_2_alpha=0.75,product,intersection,50.0,5000,0.1612,0.8388,0.3224
10,segment,segment_2_alpha=0.75,product,distance,3395.15964564,5000,0.6486,0.35140000000000005,0.7028000000000001
10,segment,segment_2_alpha=0.75,product,angle,5384.913522460039,5000,0.0168,0.9832,0.0336
10,segment,segment_2_alpha=0.75,square,intersection,57.0,5000,0.7044,0.2956,0.5912
10,segment,segment_2_alpha=0.75,square,distance,3083.91101425,5000,0.188,0.812,0.376
10,segment,segment_2_alpha=0.75,square,angle,5896.562085960211,5000,1.0,0.0,0.0
10,segment,segment_2_alpha=0.75,first_mark,intersection,107.0,5000,0.2286,0.7714,0.4572
10,segment,segment_2_alpha=0.75,first_mark,distance,6479.07065989,5000,0.6082,0.39180000000000004,0.7836000000000001
10,segment,segment_2_alpha=0.75,first_mark,angle,11281.475608420249,5000,0.473,0.527,0.946
10,ball,ball_0_alpha=1,product,intersection,1454.0,5000,0.7902,0.2098,0.4196
10,ball,ball_0_alpha=1,product,shared_area,19.887880650533237,5000,0.9752,0.024800000000000044,0.04960000000000009
10,ball,ball_0_alpha=1,product,distance,5469.468793021382,5000,0.4976,0.5024,0.9952
10,ball,ball_0_alpha=1,square,intersection,396.0,5000,0.3902,0.6098,0.7804
10,ball,ball_0_alpha=1,square,shared_area,4.814996110283867,5000,0.0724,0.9276,0.1448
10,ball,ball_0_alpha=1,square,distance,1531.3172270161206,5000,0.461,0.5389999999999999,0.922
10,ball,ball_0_alpha=1,first_mark,intersection,1850.0,5000,0.891,0.10899999999999999,0.21799999999999997
10,ball,ball_0_alpha=1,first_mark,shared_area,24.7028767608171,5000,0.9866,0.013399999999999967,0.026799999999999935
10,ball,ball_0_alpha=1,first_mark,distance,7000.7860200375035,5000,0.4698,0.5302,0.9396
10,segment,segment_1_alpha=1,product,intersection,18.0,5000,0.541,0.45899999999999996,0.9179999999999999
10,segment,segment_1_alpha=1,product,distance,829.95360706,5000,0.3556,0.6444,0.7112
10,segment,segment_1_alpha=1,product,angle,1523.8562070583234,5000,0.3094,0.6906,0.6188
10,segment,segment_1_alpha=1,square,intersection,56.0,5000,0.9328,0.06720000000000004,0.13440000000000007
10,segment,segment_1_alpha=1,square,distance,2387.2137285999997,5000,0.4086,0.5913999999999999,0.8172
10,segment,segment_1_alpha=1,square,angle,4481.779546365628,5000,0.571,0.42900000000000005,0.8580000000000001
10,segment,segment_1_alpha=1,first_mark,intersection,74.0,5000,0.906,0.09399999999999997,0.18799999999999994
10,segment,segment_1_alpha=1,first_mark,distance,3217.16733566,5000,0.3782,0.6218,0.7564
10,segment,segment_1_alpha=1,first_mark,angle,6005.635753423952,5000,0.4282,0.5718,0.8564
10,segment,segment_2_alpha=1,product,intersection,68.0,5000,0.2532,0.7468,0.5064
10,segment,segment_2_alpha=1,product,distance,3652.3585482199996,5000,0.327,0.673,0.654
10,segment,segment_2_alpha=1,product,angle,5838.302417472942,5000,0.0,1.0,0.0
10,segment,segment_2_alpha=1,square,intersection,70.0,5000,0.9466,0.0534,0.1068
10,segment,segment_2_alpha=1,square,distance,3034.4315187800003,5000,0.3704,0.6295999999999999,0.7408
10,segment,segment_2_alpha=1,square,angle,6540.523718257724,5000,1.0,0.0,0.0
10,segment,segment_2_alpha=1,first_mark,intersection,138.0,5000,0.6608,0.33919999999999995,0.6783999999999999
10,segment,segment_2_alpha=1,first_mark,distance,6686.790067,5000,0.286,0.714,0.572
10,segment,segment_2_alpha=1,first_mark,angle,12378.826135730666,5000,0.2248,0.7752,0.4496
