Seed,Grain Type,Model,f-Mark Type,Weight Type,Value,Permutation Test Count,Left p-value,Right p-value,Both Sided p-value
31,ball,ball_0_alpha=0,product,intersection,466.0,5000,0.0884,0.9116,0.1768
31,ball,ball_0_alpha=0,product,shared_area,5.858710859150904,5000,0.242,0.758,0.484
31,ball,ball_0_alpha=0,product,distance,1862.4387906686638,5000,0.637,0.363,0.726
31,ball,ball_0_alpha=0,square,intersection,600.0,5000,0.1932,0.8068,0.3864
31,ball,ball_0_alpha=0,square,shared_area,7.483548904143409,5000,0.4838,0.5162,0.9676
31,ball,ball_0_alpha=0,square,distance,2179.1807668047827,5000,0.3738,0.6262,0.7476
31,ball,ball_0_alpha=0,first_mark,intersection,1066.0,5000,0.0454,0.9546,0.0908
31,ball,ball_0_alpha=0,first_mark,shared_area,13.34225976329431,5000,0.2322,0.7678,0.4644
31,ball,ball_0_alpha=0,first_mark,distance,4041.6195574734465,5000,0.6024,0.39759999999999995,0.7951999999999999
31,segment,segment_1_alpha=0,product,intersection,38.0,5000,0.3788,0.6212,0.7576
31,segment,segment_1_alpha=0,product,distance,2556.02901974,5000,0.711,0.28900000000000003,0.5780000000000001
31,segment,segment_1_alpha=0,product,angle,4625.546301284795,5000,0.1778,0.8222,0.3556
31,segment,segment_1_alpha=0,square,intersection,47.0,5000,0.4092,0.5908,0.8184
31,segment,segment_1_alpha=0,square,distance,2994.9508654399997,5000,0.4956,0.5044,0.9912
31,segment,segment_1_alpha=0,square,angle,5727.104662898626,5000,0.5184,0.48160000000000003,0.9632000000000001
31,segment,segment_1_alpha=0,first_mark,intersection,85.0,5000,0.3424,0.6576,0.6848
31,segment,segment_1_alpha=0,first_mark,distance,5550.97988518,5000,0.6908,0.30920000000000003,0.6184000000000001
31,segment,segment_1_alpha=0,first_mark,angle,10352.65096418342,5000,0.184,0.8160000000000001,0.368
31,segment,segment_2_alpha=0,product,intersection,38.0,5000,0.3596,0.6404000000000001,0.7192
31,segment,segment_2_alpha=0,product,distance,2556.02901974,5000,0.7098,0.2902,0.5804
31,segment,segment_2_alpha=0,product,angle,4625.546301284795,5000,0.1824,0.8176,0.3648
31,segment,segment_2_alpha=0,square,intersection,47.0,5000,0.4114,0.5886,0.8228
31,segment,segment_2_alpha=0,square,distance,2994.9508654399997,5000,0.4942,0.5058,0.9884
31,segment,segment_2_alpha=0,square,angle,5727.104662898626,5000,0.5084,0.49160000000000004,0.9832000000000001
31,segment,segment_2_alpha=0,first_mark,intersection,85.0,5000,0.3312,0.6688000000000001,0.6624
31,segment,segment_2_alpha=0,first_mark,distance,5550.97988518,5000,0.684,0.31599999999999995,0.6319999999999999
31,segment,segment_2_alpha=0,first_mark,angle,10352.65096418342,5000,0.1902,0.8098,0.3804
31,ball,ball_0_alpha=0.25,product,intersection,932.0,5000,0.6226,0.37739999999999996,0.7547999999999999
31,ball,ball_0_alpha=0.25,product,shared_area,11.416590786673764,5000,0.5392,0.4608,0.9216
31,ball,ball_0_alpha=0.25,product,distance,3026.212083811214,5000,0.188,0.812,0.376
31,ball,ball_0_alpha=0.25,square,intersection,592.0,5000,0.0864,0.9136,0.1728
31,ball,ball_0_alpha=0.25,square,shared_area,7.368340915949561,5000,0.1876,0.8124,0.3752
31,ball,ball_0_alpha=0.25,square,distance,2159.2428680457847,5000,0.9944,0.005600000000000049,0.011200000000000099
31,ball,ball_0_alpha=0.25,first_mark,intersection,1524.0,5000,0.3622,0.6377999999999999,0.7244
31,ball,ball_0_alpha=0.25,first_mark,shared_area,18.784931702623325,5000,0.3362,0.6638,0.6724
31,ball,ball_0_alpha=0.25,first_mark,distance,5185.454951856998,5000,0.3786,0.6214,0.7572
31,segment,segment_1_alpha=0.25,product,intersection,24.0,5000,0.1652,0.8348,0.3304
31,segment,segment_1_alpha=0.25,product,distance,2269.4376436599996,5000,0.093,0.907,0.186
31,segment,segment_1_alpha=0.25,product,angle,4753.170960775429,5000,0.7014,0.2986,0.5972
31,segment,segment_1_alpha=0.25,square,intersection,36.0,5000,0.2912,0.7088,0.5824
31,segment,segment_1_alpha=0.25,square,distance,2989.1080256100004,5000,0.4048,0.5952,0.8096
31,segment,segment_1_alpha=0.25,square,angle,5838.199193072081,5000,0.3378,0.6622,0.6756
31,segment,segment_1_alpha=0.25,first_mark,intersection,60.0,5000,0.0964,0.9036,0.1928
31,segment,segment_1_alpha=0.25,first_mark,distance,5258.54566927,5000,0.1002,0.8998,0.2004
31,segment,segment_1_alpha=0.25,first_mark,angle,10591.37015384751,5000,0.6538,0.34619999999999995,0.6923999999999999
31,segment,segment_2_alpha=0.25,product,intersection,40.0,5000,0.3636,0.6364000000000001,0.7272
31,segment,segment_2_alpha=0.25,product,distance,3201.2009675,5000,0.1094,0.8906000000000001,0.2188
31,segment,segment_2_alpha=0.25,product,angle,6438.691081051423,5000,0.3832,0.6168,0.7664
31,segment,segment_2_alpha=0.25,square,intersection,33.0,5000,0.0998,0.9002,0.1996
31,segment,segment_2_alpha=0.25,square,distance,3046.0782760499997,5000,0.937,0.06299999999999994,0.1259999999999999
31,segment,segment_2_alpha=0.25,square,angle,5985.188075001115,5000,0.9476,0.0524,0.1048
31,segment,segment_2_alpha=0.25,first_mark,intersection,73.0,5000,0.1122,0.8878,0.2244
31,segment,segment_2_alpha=0.25,first_mark,distance,6247.27924355,5000,0.1452,0.8548,0.2904
31,segment,segment_2_alpha=0.25,first_mark,angle,12423.879156052539,5000,0.5296,0.47040000000000004,0.9408000000000001
31,ball,ball_0_alpha=0.5,product,intersection,928.0,5000,0.9612,0.038799999999999946,0.07759999999999989
31,ball,ball_0_alpha=0.5,product,shared_area,11.719980014274498,5000,0.9708,0.029200000000000004,0.05840000000000001
31,ball,ball_0_alpha=0.5,product,distance,2816.2764947195806,5000,0.044,0.956,0.088
31,ball,ball_0_alpha=0.5,square,intersection,589.0,5000,0.1884,0.8116,0.3768
31,ball,ball_0_alpha=0.5,square,shared_area,7.030382993595586,5000,0.1362,0.8638,0.2724
31,ball,ball_0_alpha=0.5,square,distance,2152.481116427919,5000,0.8876,0.11240000000000006,0.2248000000000001
31,ball,ball_0_alpha=0.5,first_mark,intersection,1517.0,5000,0.9746,0.025399999999999978,0.050799999999999956
31,ball,ball_0_alpha=0.5,first_mark,shared_area,18.75036300787008,5000,0.976,0.02400000000000002,0.04800000000000004
31,ball,ball_0_alpha=0.5,first_mark,distance,4968.757611147499,5000,0.0382,0.9618,0.0764
31,segment,segment_1_alpha=0.5,product,intersection,30.0,5000,0.9408,0.05920000000000003,0.11840000000000006
31,segment,segment_1_alpha=0.5,product,distance,1075.77859748,5000,0.1044,0.8956,0.2088
31,segment,segment_1_alpha=0.5,product,angle,2250.341964875807,5000,0.783,0.21699999999999997,0.43399999999999994
31,segment,segment_1_alpha=0.5,square,intersection,42.0,5000,0.2504,0.7496,0.5008
31,segment,segment_1_alpha=0.5,square,distance,2551.70717261,5000,0.1288,0.8712,0.2576
31,segment,segment_1_alpha=0.5,square,angle,4896.265590076268,5000,0.6936,0.3064,0.6128
31,segment,segment_1_alpha=0.5,first_mark,intersection,72.0,5000,0.8714,0.12860000000000005,0.2572000000000001
31,segment,segment_1_alpha=0.5,first_mark,distance,3627.4857700899997,5000,0.101,0.899,0.202
31,segment,segment_1_alpha=0.5,first_mark,angle,7146.607554952075,5000,0.7494,0.25060000000000004,0.5012000000000001
31,segment,segment_2_alpha=0.5,product,intersection,48.0,5000,0.671,0.32899999999999996,0.6579999999999999
31,segment,segment_2_alpha=0.5,product,distance,2417.1378756599997,5000,0.1326,0.8674,0.2652
31,segment,segment_2_alpha=0.5,product,angle,4415.049874055539,5000,0.0864,0.9136,0.1728
31,segment,segment_2_alpha=0.5,square,intersection,51.0,5000,0.3734,0.6266,0.7468
31,segment,segment_2_alpha=0.5,square,distance,2990.8425669200005,5000,0.2144,0.7856,0.4288
31,segment,segment_2_alpha=0.5,square,angle,5684.19521647836,5000,0.8968,0.10319999999999996,0.20639999999999992
31,segment,segment_2_alpha=0.5,first_mark,intersection,99.0,5000,0.672,0.32799999999999996,0.6559999999999999
31,segment,segment_2_alpha=0.5,first_mark,distance,5407.980442579999,5000,0.1178,0.8822,0.2356
31,segment,segment_2_alpha=0.5,first_mark,angle,10099.2450905339,5000,0.1356,0.8644000000000001,0.2712
31,ball,ball_0_alpha=0.75,product,intersection,1116.0,5000,0.602,0.398,0.796
31,ball,ball_0_alpha=0.75,product,shared_area,14.14114891581808,5000,0.906,0.09399999999999997,0.18799999999999994
31,ball,ball_0_alpha=0.75,product,distance,4081.577819155449,5000,0.9482,0.05179999999999996,0.10359999999999991
31,ball,ball_0_alpha=0.75,square,intersection,529.0,5000,0.1106,0.8894,0.2212
31,ball,ball_0_alpha=0.75,square,shared_area,6.1908704977657605,5000,0.0784,0.9216,0.1568
31,ball,ball_0_alpha=0.75,square,distance,1902.6594971973238,5000,0.0632,0.9368,0.1264
31,ball,ball_0_alpha=0.75,first_mark,intersection,1645.0,5000,0.3756,0.6244000000000001,0.7512
31,ball,ball_0_alpha=0.75,first_mark,shared_area,20.33201941358384,5000,0.8404,0.15959999999999996,0.31919999999999993
31,ball,ball_0_alpha=0.75,first_mark,distance,5984.237316352774,5000,0.9512,0.048799999999999955,0.09759999999999991
31,segment,segment_1_alpha=0.75,product,intersection,20.0,5000,0.621,0.379,0.758
31,segment,segment_1_alpha=0.75,product,distance,903.3472203599999,5000,0.1718,0.8282,0.3436
31,segment,segment_1_alpha=0.75,product,angle,1837.0358632498146,5000,0.3452,0.6548,0.6904
31,segment,segment_1_alpha=0.75,square,intersection,46.0,5000,0.4646,0.5354,0.9292
31,segment,segment_1_alpha=0.75,square,distance,2404.14117204,5000,0.1164,0.8835999999999999,0.2328
31,segment,segment_1_alpha=0.75,square,angle,4807.24136113859,5000,0.3546,0.6454,0.7092
31,segment,segment_1_alpha=0.75,first_mark,intersection,66.0,5000,0.6056,0.3944,0.7888
31,segment,segment_1_alpha=0.75,first_mark,distance,3307.4883923999996,5000,0.139,0.861,0.278
31,segment,segment_1_alpha=0.75,first_mark,angle,6644.277224388405,5000,0.3408,0.6592,0.6816
31,segment,segment_2_alpha=0.75,product,intersection,44.0,5000,0.4556,0.5444,0.9112
31,segment,segment_2_alpha=0.75,product,distance,2370.3629855,5000,0.55,0.44999999999999996,0.8999999999999999
31,segment,segment_2_alpha=0.75,product,angle,4016.9451433876325,5000,0.0012,0.9988,0.0024
31,segment,segment_2_alpha=0.75,square,intersection,64.0,5000,0.938,0.062000000000000055,0.12400000000000011
31,segment,segment_2_alpha=0.75,square,distance,2968.2785782,5000,0.3762,0.6238,0.7524
31,segment,segment_2_alpha=0.75,square,angle,6679.09773089205,5000,1.0,0.0,0.0
31,segment,segment_2_alpha=0.75,first_mark,intersection,108.0,5000,0.8332,0.16679999999999995,0.3335999999999999
31,segment,segment_2_alpha=0.75,first_mark,distance,5338.6415637,5000,0.5176,0.48240000000000005,0.9648000000000001
31,segment,segment_2_alpha=0.75,first_mark,angle,10696.042874279683,5000,0.7634,0.23660000000000003,0.47320000000000007
31,ball,ball_0_alpha=1,product,intersection,1280.0,5000,0.7374,0.26259999999999994,0.5251999999999999
31,ball,ball_0_alpha=1,product,shared_area,16.50901536613146,5000,0.9546,0.045399999999999996,0.09079999999999999
31,ball,ball_0_alpha=1,product,distance,4577.37990975929,5000,0.9922,0.007800000000000029,0.015600000000000058
31,ball,ball_0_alpha=1,square,intersection,504.0,5000,0.074,0.926,0.148
31,ball,ball_0_alpha=1,square,shared_area,5.762915166063905,5000,0.0186,0.9814,0.0372
31,ball,ball_0_alpha=1,square,distance,1763.1538243107918,5000,0.0172,0.9828,0.0344
31,ball,ball_0_alpha=1,first_mark,intersection,1784.0,5000,0.5312,0.4688,0.9376
31,ball,ball_0_alpha=1,first_mark,shared_area,22.27193053219537,5000,0.9004,0.09960000000000002,0.19920000000000004
31,ball,ball_0_alpha=1,first_mark,distance,6340.533734070082,5000,0.994,0.006000000000000005,0.01200000000000001
31,segment,segment_1_alpha=1,product,intersection,12.0,5000,0.8972,0.1028,0.2056
31,segment,segment_1_alpha=1,product,distance,366.09598142000004,5000,0.1676,0.8324,0.3352
31,segment,segment_1_alpha=1,product,angle,715.620543264949,5000,0.264,0.736,0.528
31,segment,segment_1_alpha=1,square,intersection,28.0,5000,0.3272,0.6728000000000001,0.6544
31,segment,segment_1_alpha=1,square,distance,1771.4348031,5000,0.1502,0.8498,0.3004
31,segment,segment_1_alpha=1,square,angle,3386.583427868851,5000,0.1516,0.8484,0.3032
31,segment,segment_1_alpha=1,first_mark,intersection,40.0,5000,0.7266,0.2734,0.5468
31,segment,segment_1_alpha=1,first_mark,distance,2137.53078452,5000,0.1516,0.8484,0.3032
31,segment,segment_1_alpha=1,first_mark,angle,4102.203971133799,5000,0.187,0.813,0.374
31,segment,segment_2_alpha=1,product,intersection,54.0,5000,0.7662,0.2338,0.4676
31,segment,segment_2_alpha=1,product,distance,2979.67509476,5000,0.9322,0.06779999999999997,0.13559999999999994
31,segment,segment_2_alpha=1,product,angle,4364.811313658978,5000,0.0,1.0,0.0
31,segment,segment_2_alpha=1,square,intersection,53.0,5000,0.7052,0.29479999999999995,0.5895999999999999
31,segment,segment_2_alpha=1,square,distance,3058.4632848999995,5000,0.8246,0.1754,0.3508
31,segment,segment_2_alpha=1,square,angle,7133.388648231055,5000,1.0,0.0,0.0
31,segment,segment_2_alpha=1,first_mark,intersection,107.0,5000,0.9068,0.09319999999999995,0.1863999999999999
31,segment,segment_2_alpha=1,first_mark,distance,6038.13837966,5000,0.9448,0.05520000000000003,0.11040000000000005
31,segment,segment_2_alpha=1,first_mark,angle,11498.199961890034,5000,0.7992,0.20079999999999998,0.40159999999999996
