Seed,Grain Type,Model,f-Mark Type,Weight Type,Value,Permutation Test Count,Left p-value,Right p-value,Both Sided p-value
107,ball,ball_0_alpha=0,product,intersection,650.0,5000,0.3908,0.6092,0.7816
107,ball,ball_0_alpha=0,product,shared_area,8.066105991559876,5000,0.4036,0.5964,0.8072
107,ball,ball_0_alpha=0,product,distance,2232.5736204841783,5000,0.7224,0.27759999999999996,0.5551999999999999
107,ball,ball_0_alpha=0,square,intersection,560.0,5000,0.1778,0.8222,0.3556
107,ball,ball_0_alpha=0,square,shared_area,6.792232854380561,5000,0.104,0.896,0.208
107,ball,ball_0_alpha=0,square,distance,1914.249878859142,5000,0.9176,0.08240000000000003,0.16480000000000006
107,ball,ball_0_alpha=0,first_mark,intersection,1210.0,5000,0.2096,0.7904,0.4192
107,ball,ball_0_alpha=0,first_mark,shared_area,14.858338845940438,5000,0.1424,0.8576,0.2848
107,ball,ball_0_alpha=0,first_mark,distance,4146.823499343321,5000,0.813,0.18700000000000006,0.3740000000000001
107,segment,segment_1_alpha=0,product,intersection,54.0,5000,0.3408,0.6592,0.6816
107,segment,segment_1_alpha=0,product,distance,3101.4935042399998,5000,0.606,0.394,0.788
107,segment,segment_1_alpha=0,product,angle,6604.78978022553,5000,0.738,0.262,0.524
107,segment,segment_1_alpha=0,square,intersection,45.0,5000,0.17,0.83,0.34
107,segment,segment_1_alpha=0,square,distance,2693.6178091,5000,0.9306,0.06940000000000002,0.13880000000000003
107,segment,segment_1_alpha=0,square,angle,5595.45751072481,5000,0.3894,0.6106,0.7788
107,segment,segment_1_alpha=0,first_mark,intersection,99.0,5000,0.1336,0.8664000000000001,0.2672
107,segment,segment_1_alpha=0,first_mark,distance,5795.11131334,5000,0.7206,0.2794,0.5588
107,segment,segment_1_alpha=0,first_mark,angle,12200.24729095034,5000,0.7368,0.2632,0.5264
107,segment,segment_2_alpha=0,product,intersection,54.0,5000,0.3462,0.6537999999999999,0.6924
107,segment,segment_2_alpha=0,product,distance,3101.4935042399998,5000,0.6134,0.38660000000000005,0.7732000000000001
107,segment,segment_2_alpha=0,product,angle,6604.78978022553,5000,0.7514,0.24860000000000004,0.4972000000000001
107,segment,segment_2_alpha=0,square,intersection,45.0,5000,0.1754,0.8246,0.3508
107,segment,segment_2_alpha=0,square,distance,2693.6178091,5000,0.934,0.06599999999999995,0.1319999999999999
107,segment,segment_2_alpha=0,square,angle,5595.45751072481,5000,0.3786,0.6214,0.7572
107,segment,segment_2_alpha=0,first_mark,intersection,99.0,5000,0.137,0.863,0.274
107,segment,segment_2_alpha=0,first_mark,distance,5795.11131334,5000,0.7298,0.2702,0.5404
107,segment,segment_2_alpha=0,first_mark,angle,12200.24729095034,5000,0.7454,0.25460000000000005,0.5092000000000001
107,ball,ball_0_alpha=0.25,product,intersection,1052.0,5000,0.6664,0.3336,0.6672
107,ball,ball_0_alpha=0.25,product,shared_area,12.582564009264068,5000,0.562,0.43799999999999994,0.8759999999999999
107,ball,ball_0_alpha=0.25,product,distance,3340.882285103827,5000,0.543,0.45699999999999996,0.9139999999999999
107,ball,ball_0_alpha=0.25,square,intersection,523.0,5000,0.3334,0.6666000000000001,0.6668
107,ball,ball_0_alpha=0.25,square,shared_area,6.3428629152154645,5000,0.4144,0.5856,0.8288
107,ball,ball_0_alpha=0.25,square,distance,1697.1957577417797,5000,0.4872,0.5127999999999999,0.9744
107,ball,ball_0_alpha=0.25,first_mark,intersection,1575.0,5000,0.6474,0.3526,0.7052
107,ball,ball_0_alpha=0.25,first_mark,shared_area,18.92542692447953,5000,0.5356,0.46440000000000003,0.9288000000000001
107,ball,ball_0_alpha=0.25,first_mark,distance,5038.078042845607,5000,0.5482,0.4518,0.9036
107,segment,segment_1_alpha=0.25,product,intersection,38.0,5000,0.1604,0.8396,0.3208
107,segment,segment_1_alpha=0.25,product,distance,2603.9262666,5000,0.0414,0.9586,0.0828
107,segment,segment_1_alpha=0.25,product,angle,5392.402800413149,5000,0.1306,0.8694,0.2612
107,segment,segment_1_alpha=0.25,square,intersection,51.0,5000,0.903,0.09699999999999998,0.19399999999999995
107,segment,segment_1_alpha=0.25,square,distance,2689.93940947,5000,0.8316,0.1684,0.3368
107,segment,segment_1_alpha=0.25,square,angle,5485.905931143497,5000,0.7172,0.28280000000000005,0.5656000000000001
107,segment,segment_1_alpha=0.25,first_mark,intersection,89.0,5000,0.4224,0.5776,0.8448
107,segment,segment_1_alpha=0.25,first_mark,distance,5293.86567607,5000,0.0454,0.9546,0.0908
107,segment,segment_1_alpha=0.25,first_mark,angle,10878.308731556646,5000,0.1272,0.8728,0.2544
107,segment,segment_2_alpha=0.25,product,intersection,44.0,5000,0.2248,0.7752,0.4496
107,segment,segment_2_alpha=0.25,product,distance,2833.2483611,5000,0.0474,0.9526,0.0948
107,segment,segment_2_alpha=0.25,product,angle,5771.2806095380765,5000,0.065,0.935,0.13
107,segment,segment_2_alpha=0.25,square,intersection,45.0,5000,0.5222,0.4778,0.9556
107,segment,segment_2_alpha=0.25,square,distance,2687.9222342799994,5000,0.9036,0.09640000000000004,0.19280000000000008
107,segment,segment_2_alpha=0.25,square,angle,5475.887668222439,5000,0.7708,0.22919999999999996,0.4583999999999999
107,segment,segment_2_alpha=0.25,first_mark,intersection,89.0,5000,0.2188,0.7812,0.4376
107,segment,segment_2_alpha=0.25,first_mark,distance,5521.17059538,5000,0.0534,0.9466,0.1068
107,segment,segment_2_alpha=0.25,first_mark,angle,11247.168277760517,5000,0.0568,0.9432,0.1136
107,ball,ball_0_alpha=0.5,product,intersection,880.0,5000,0.96,0.040000000000000036,0.08000000000000007
107,ball,ball_0_alpha=0.5,product,shared_area,10.17205335590915,5000,0.8756,0.12439999999999996,0.2487999999999999
107,ball,ball_0_alpha=0.5,product,distance,2527.250624349558,5000,0.053,0.947,0.106
107,ball,ball_0_alpha=0.5,square,intersection,551.0,5000,0.3044,0.6956,0.6088
107,ball,ball_0_alpha=0.5,square,shared_area,6.634680543164114,5000,0.5816,0.4184,0.8368
107,ball,ball_0_alpha=0.5,square,distance,1872.765115150034,5000,0.8394,0.16059999999999997,0.32119999999999993
107,ball,ball_0_alpha=0.5,first_mark,intersection,1431.0,5000,0.9838,0.016199999999999992,0.032399999999999984
107,ball,ball_0_alpha=0.5,first_mark,shared_area,16.80673389907326,5000,0.9546,0.045399999999999996,0.09079999999999999
107,ball,ball_0_alpha=0.5,first_mark,distance,4400.015739499593,5000,0.0432,0.9568,0.0864
107,segment,segment_1_alpha=0.5,product,intersection,22.0,5000,0.4006,0.5993999999999999,0.8012
107,segment,segment_1_alpha=0.5,product,distance,1242.3932691999998,5000,0.2598,0.7402,0.5196
107,segment,segment_1_alpha=0.5,product,angle,2706.763050439129,5000,0.4002,0.5998,0.8004
107,segment,segment_1_alpha=0.5,square,intersection,38.0,5000,0.1034,0.8966,0.2068
107,segment,segment_1_alpha=0.5,square,distance,2397.9188499499996,5000,0.1324,0.8676,0.2648
107,segment,segment_1_alpha=0.5,square,angle,5173.4294906688765,5000,0.4616,0.5384,0.9232
107,segment,segment_1_alpha=0.5,first_mark,intersection,60.0,5000,0.1522,0.8478,0.3044
107,segment,segment_1_alpha=0.5,first_mark,distance,3640.3121191500004,5000,0.2088,0.7912,0.4176
107,segment,segment_1_alpha=0.5,first_mark,angle,7880.192541108007,5000,0.4136,0.5864,0.8272
107,segment,segment_2_alpha=0.5,product,intersection,36.0,5000,0.1766,0.8234,0.3532
107,segment,segment_2_alpha=0.5,product,distance,2235.71799088,5000,0.0412,0.9588,0.0824
107,segment,segment_2_alpha=0.5,product,angle,4690.805069460159,5000,0.0258,0.9742,0.0516
107,segment,segment_2_alpha=0.5,square,intersection,50.0,5000,0.64,0.36,0.72
107,segment,segment_2_alpha=0.5,square,distance,2656.00396397,5000,0.4198,0.5802,0.8396
107,segment,segment_2_alpha=0.5,square,angle,5919.5167307651645,5000,0.999,0.0010000000000000009,0.0020000000000000018
107,segment,segment_2_alpha=0.5,first_mark,intersection,86.0,5000,0.2474,0.7525999999999999,0.4948
107,segment,segment_2_alpha=0.5,first_mark,distance,4891.72195485,5000,0.0378,0.9621999999999999,0.0756
107,segment,segment_2_alpha=0.5,first_mark,angle,10610.321800225323,5000,0.2098,0.7902,0.4196
107,ball,ball_0_alpha=0.75,product,intersection,1280.0,5000,0.7462,0.2538,0.5076
107,ball,ball_0_alpha=0.75,product,shared_area,15.961249315120291,5000,0.833,0.16700000000000004,0.3340000000000001
107,ball,ball_0_alpha=0.75,product,distance,4014.203895423074,5000,0.2606,0.7394000000000001,0.5212
107,ball,ball_0_alpha=0.75,square,intersection,462.0,5000,0.5832,0.41679999999999995,0.8335999999999999
107,ball,ball_0_alpha=0.75,square,shared_area,5.556071487895104,5000,0.4422,0.5578000000000001,0.8844
107,ball,ball_0_alpha=0.75,square,distance,1507.5413746861684,5000,0.6752,0.3248,0.6496
107,ball,ball_0_alpha=0.75,first_mark,intersection,1742.0,5000,0.883,0.11699999999999999,0.23399999999999999
107,ball,ball_0_alpha=0.75,first_mark,shared_area,21.517320803015398,5000,0.927,0.07299999999999995,0.1459999999999999
107,ball,ball_0_alpha=0.75,first_mark,distance,5521.7452701092425,5000,0.233,0.767,0.466
107,segment,segment_1_alpha=0.75,product,intersection,20.0,5000,0.7044,0.2956,0.5912
107,segment,segment_1_alpha=0.75,product,distance,1058.41643234,5000,0.6544,0.3456,0.6912
107,segment,segment_1_alpha=0.75,product,angle,2280.376605957369,5000,0.7378,0.2622,0.5244
107,segment,segment_1_alpha=0.75,square,intersection,34.0,5000,0.2564,0.7436,0.5128
107,segment,segment_1_alpha=0.75,square,distance,2304.30280726,5000,0.4814,0.5186,0.9628
107,segment,segment_1_alpha=0.75,square,angle,4918.932924081111,5000,0.5858,0.4142,0.8284
107,segment,segment_1_alpha=0.75,first_mark,intersection,54.0,5000,0.56,0.43999999999999995,0.8799999999999999
107,segment,segment_1_alpha=0.75,first_mark,distance,3362.7192395999996,5000,0.5914,0.40859999999999996,0.8171999999999999
107,segment,segment_1_alpha=0.75,first_mark,angle,7199.309530038479,5000,0.6828,0.31720000000000004,0.6344000000000001
107,segment,segment_2_alpha=0.75,product,intersection,60.0,5000,0.8886,0.11140000000000005,0.2228000000000001
107,segment,segment_2_alpha=0.75,product,distance,3019.56082664,5000,0.333,0.667,0.666
107,segment,segment_2_alpha=0.75,product,angle,5008.144102648179,5000,0.0,1.0,0.0
107,segment,segment_2_alpha=0.75,square,intersection,38.0,5000,0.1634,0.8366,0.3268
107,segment,segment_2_alpha=0.75,square,distance,2647.96954044,5000,0.2242,0.7758,0.4484
107,segment,segment_2_alpha=0.75,square,angle,6892.926216908282,5000,1.0,0.0,0.0
107,segment,segment_2_alpha=0.75,first_mark,intersection,98.0,5000,0.8442,0.15580000000000005,0.3116000000000001
107,segment,segment_2_alpha=0.75,first_mark,distance,5667.53036708,5000,0.2778,0.7222,0.5556
107,segment,segment_2_alpha=0.75,first_mark,angle,11901.07031955646,5000,0.073,0.927,0.146
107,ball,ball_0_alpha=1,product,intersection,1232.0,5000,0.6878,0.31220000000000003,0.6244000000000001
107,ball,ball_0_alpha=1,product,shared_area,16.63386082360456,5000,0.9948,0.005199999999999982,0.010399999999999965
107,ball,ball_0_alpha=1,product,distance,3952.511010901334,5000,0.6496,0.35040000000000004,0.7008000000000001
107,ball,ball_0_alpha=1,square,intersection,449.0,5000,0.0764,0.9236,0.1528
107,ball,ball_0_alpha=1,square,shared_area,5.179028249455786,5000,0.0102,0.9898,0.0204
107,ball,ball_0_alpha=1,square,distance,1533.1196557030391,5000,0.525,0.475,0.95
107,ball,ball_0_alpha=1,first_mark,intersection,1681.0,5000,0.4366,0.5634,0.8732
107,ball,ball_0_alpha=1,first_mark,shared_area,21.81288907306035,5000,0.9876,0.012399999999999967,0.024799999999999933
107,ball,ball_0_alpha=1,first_mark,distance,5485.630666604372,5000,0.721,0.279,0.558
107,segment,segment_1_alpha=1,product,intersection,4.0,5000,0.3176,0.6824,0.6352
107,segment,segment_1_alpha=1,product,distance,249.49201706,5000,0.6306,0.36939999999999995,0.7387999999999999
107,segment,segment_1_alpha=1,product,angle,489.1341372541301,5000,0.2438,0.7562,0.4876
107,segment,segment_1_alpha=1,square,intersection,30.0,5000,0.74,0.26,0.52
107,segment,segment_1_alpha=1,square,distance,1399.40542433,5000,0.5276,0.47240000000000004,0.9448000000000001
107,segment,segment_1_alpha=1,square,angle,2934.7305994658773,5000,0.3084,0.6916,0.6168
107,segment,segment_1_alpha=1,first_mark,intersection,34.0,5000,0.6782,0.3218,0.6436
107,segment,segment_1_alpha=1,first_mark,distance,1648.89744139,5000,0.558,0.44199999999999995,0.8839999999999999
107,segment,segment_1_alpha=1,first_mark,angle,3423.8647367200074,5000,0.2798,0.7202,0.5596
107,segment,segment_2_alpha=1,product,intersection,54.0,5000,0.517,0.483,0.966
107,segment,segment_2_alpha=1,product,distance,2670.79428326,5000,0.1596,0.8404,0.3192
107,segment,segment_2_alpha=1,product,angle,4412.343367839587,5000,0.0,1.0,0.0
107,segment,segment_2_alpha=1,square,intersection,57.0,5000,0.8498,0.1502,0.3004
107,segment,segment_2_alpha=1,square,distance,2672.51986459,5000,0.26,0.74,0.52
107,segment,segment_2_alpha=1,square,angle,7167.905444924652,5000,1.0,0.0,0.0
107,segment,segment_2_alpha=1,first_mark,intersection,111.0,5000,0.8146,0.1854,0.3708
107,segment,segment_2_alpha=1,first_mark,distance,5343.31414785,5000,0.1298,0.8702,0.2596
107,segment,segment_2_alpha=1,first_mark,angle,11580.24881276424,5000,0.3884,0.6115999999999999,0.7768
