Seed,Grain Type,Model,f-Mark Type,Weight Type,Value,Permutation Test Count,Left p-value,Right p-value,Both Sided p-value
21,ball,ball_0_alpha=0,product,intersection,944.0,5000,0.9606,0.03939999999999999,0.07879999999999998
21,ball,ball_0_alpha=0,product,shared_area,12.55583371948754,5000,0.966,0.03400000000000003,0.06800000000000006
21,ball,ball_0_alpha=0,product,distance,2464.3171246129996,5000,0.0028,0.9972,0.0056
21,ball,ball_0_alpha=0,square,intersection,644.0,5000,0.0518,0.9482,0.1036
21,ball,ball_0_alpha=0,square,shared_area,7.927505244868025,5000,0.0184,0.9816,0.0368
21,ball,ball_0_alpha=0,square,distance,2219.993577484425,5000,0.99,0.010000000000000009,0.020000000000000018
21,ball,ball_0_alpha=0,first_mark,intersection,1588.0,5000,0.9218,0.07820000000000005,0.1564000000000001
21,ball,ball_0_alpha=0,first_mark,shared_area,20.483338964355564,5000,0.8944,0.10560000000000003,0.21120000000000005
21,ball,ball_0_alpha=0,first_mark,distance,4684.310702097424,5000,0.0036,0.9964,0.0072
21,segment,segment_1_alpha=0,product,intersection,70.0,5000,0.3874,0.6126,0.7748
21,segment,segment_1_alpha=0,product,distance,3550.97960176,5000,0.002,0.998,0.004
21,segment,segment_1_alpha=0,product,angle,7240.096857195642,5000,0.163,0.837,0.326
21,segment,segment_1_alpha=0,square,intersection,57.0,5000,0.4534,0.5466,0.9068
21,segment,segment_1_alpha=0,square,distance,3075.91610934,5000,0.9884,0.011600000000000055,0.02320000000000011
21,segment,segment_1_alpha=0,square,angle,5878.5544380201645,5000,0.6294,0.37060000000000004,0.7412000000000001
21,segment,segment_1_alpha=0,first_mark,intersection,127.0,5000,0.3568,0.6432,0.7136
21,segment,segment_1_alpha=0,first_mark,distance,6626.8957111,5000,0.0022,0.9978,0.0044
21,segment,segment_1_alpha=0,first_mark,angle,13118.651295215806,5000,0.1346,0.8654,0.2692
21,segment,segment_2_alpha=0,product,intersection,70.0,5000,0.38,0.62,0.76
21,segment,segment_2_alpha=0,product,distance,3550.97960176,5000,0.0032,0.9968,0.0064
21,segment,segment_2_alpha=0,product,angle,7240.096857195642,5000,0.167,0.833,0.334
21,segment,segment_2_alpha=0,square,intersection,57.0,5000,0.4648,0.5352,0.9296
21,segment,segment_2_alpha=0,square,distance,3075.91610934,5000,0.988,0.01200000000000001,0.02400000000000002
21,segment,segment_2_alpha=0,square,angle,5878.5544380201645,5000,0.617,0.383,0.766
21,segment,segment_2_alpha=0,first_mark,intersection,127.0,5000,0.3576,0.6424000000000001,0.7152
21,segment,segment_2_alpha=0,first_mark,distance,6626.8957111,5000,0.0042,0.9958,0.0084
21,segment,segment_2_alpha=0,first_mark,angle,13118.651295215806,5000,0.1364,0.8636,0.2728
21,ball,ball_0_alpha=0.25,product,intersection,868.0,5000,0.7338,0.2662,0.5324
21,ball,ball_0_alpha=0.25,product,shared_area,10.738436964323284,5000,0.5968,0.4032,0.8064
21,ball,ball_0_alpha=0.25,product,distance,2559.358110665841,5000,0.0948,0.9052,0.1896
21,ball,ball_0_alpha=0.25,square,intersection,677.0,5000,0.4646,0.5354,0.9292
21,ball,ball_0_alpha=0.25,square,shared_area,8.625925628160424,5000,0.5694,0.4306,0.8612
21,ball,ball_0_alpha=0.25,square,distance,2188.0431513487792,5000,0.7972,0.20279999999999998,0.40559999999999996
21,ball,ball_0_alpha=0.25,first_mark,intersection,1545.0,5000,0.7638,0.23619999999999997,0.47239999999999993
21,ball,ball_0_alpha=0.25,first_mark,shared_area,19.364362592483708,5000,0.633,0.367,0.734
21,ball,ball_0_alpha=0.25,first_mark,distance,4747.40126201462,5000,0.0876,0.9124,0.1752
21,segment,segment_1_alpha=0.25,product,intersection,60.0,5000,0.9586,0.04139999999999999,0.08279999999999998
21,segment,segment_1_alpha=0.25,product,distance,2303.68421828,5000,0.0274,0.9726,0.0548
21,segment,segment_1_alpha=0.25,product,angle,5043.028225761596,5000,0.8464,0.15359999999999996,0.3071999999999999
21,segment,segment_1_alpha=0.25,square,intersection,56.0,5000,0.608,0.392,0.784
21,segment,segment_1_alpha=0.25,square,distance,3043.87305943,5000,0.303,0.6970000000000001,0.606
21,segment,segment_1_alpha=0.25,square,angle,5975.286740469425,5000,0.598,0.402,0.804
21,segment,segment_1_alpha=0.25,first_mark,intersection,116.0,5000,0.9916,0.008399999999999963,0.016799999999999926
21,segment,segment_1_alpha=0.25,first_mark,distance,5347.557277710001,5000,0.0292,0.9708,0.0584
21,segment,segment_1_alpha=0.25,first_mark,angle,11018.314966231024,5000,0.8198,0.18020000000000003,0.36040000000000005
21,segment,segment_2_alpha=0.25,product,intersection,66.0,5000,0.8696,0.13039999999999996,0.2607999999999999
21,segment,segment_2_alpha=0.25,product,distance,2985.87701972,5000,0.1512,0.8488,0.3024
21,segment,segment_2_alpha=0.25,product,angle,6158.1302513696755,5000,0.6922,0.30779999999999996,0.6155999999999999
21,segment,segment_2_alpha=0.25,square,intersection,61.0,5000,0.8634,0.13660000000000005,0.2732000000000001
21,segment,segment_2_alpha=0.25,square,distance,3076.4360011599997,5000,0.3658,0.6342,0.7316
21,segment,segment_2_alpha=0.25,square,angle,6058.682543730574,5000,0.841,0.15900000000000003,0.31800000000000006
21,segment,segment_2_alpha=0.25,first_mark,intersection,127.0,5000,0.9896,0.010399999999999965,0.02079999999999993
21,segment,segment_2_alpha=0.25,first_mark,distance,6062.31302088,5000,0.1214,0.8786,0.2428
21,segment,segment_2_alpha=0.25,first_mark,angle,12216.81279510025,5000,0.7378,0.2622,0.5244
21,ball,ball_0_alpha=0.5,product,intersection,948.0,5000,0.9058,0.09419999999999995,0.1883999999999999
21,ball,ball_0_alpha=0.5,product,shared_area,12.56944651091136,5000,0.948,0.052000000000000046,0.10400000000000009
21,ball,ball_0_alpha=0.5,product,distance,2764.199199039325,5000,0.247,0.753,0.494
21,ball,ball_0_alpha=0.5,square,intersection,638.0,5000,0.0512,0.9488,0.1024
21,ball,ball_0_alpha=0.5,square,shared_area,7.953293840948031,5000,0.0552,0.9448,0.1104
21,ball,ball_0_alpha=0.5,square,distance,2180.808299232792,5000,0.7446,0.25539999999999996,0.5107999999999999
21,ball,ball_0_alpha=0.5,first_mark,intersection,1586.0,5000,0.815,0.18500000000000005,0.3700000000000001
21,ball,ball_0_alpha=0.5,first_mark,shared_area,20.52274035185939,5000,0.9054,0.09460000000000002,0.18920000000000003
21,ball,ball_0_alpha=0.5,first_mark,distance,4945.007498272118,5000,0.2514,0.7485999999999999,0.5028
21,segment,segment_1_alpha=0.5,product,intersection,28.0,5000,0.6428,0.35719999999999996,0.7143999999999999
21,segment,segment_1_alpha=0.5,product,distance,1535.6589426599999,5000,0.8392,0.16080000000000005,0.3216000000000001
21,segment,segment_1_alpha=0.5,product,angle,3079.8434049194157,5000,0.9188,0.08120000000000005,0.1624000000000001
21,segment,segment_1_alpha=0.5,square,intersection,37.0,5000,0.02,0.98,0.04
21,segment,segment_1_alpha=0.5,square,distance,2784.29371868,5000,0.5682,0.43179999999999996,0.8635999999999999
21,segment,segment_1_alpha=0.5,square,angle,5498.812309619108,5000,0.8552,0.14480000000000004,0.2896000000000001
21,segment,segment_1_alpha=0.5,first_mark,intersection,65.0,5000,0.1546,0.8454,0.3092
21,segment,segment_1_alpha=0.5,first_mark,distance,4319.952661339999,5000,0.7702,0.2298,0.4596
21,segment,segment_1_alpha=0.5,first_mark,angle,8578.655714538523,5000,0.8986,0.10140000000000005,0.2028000000000001
21,segment,segment_2_alpha=0.5,product,intersection,42.0,5000,0.607,0.393,0.786
21,segment,segment_2_alpha=0.5,product,distance,2289.38900726,5000,0.451,0.5489999999999999,0.902
21,segment,segment_2_alpha=0.5,product,angle,4573.713542956812,5000,0.6802,0.3198,0.6396
21,segment,segment_2_alpha=0.5,square,intersection,41.0,5000,0.022,0.978,0.044
21,segment,segment_2_alpha=0.5,square,distance,3009.17088581,5000,0.6896,0.3104,0.6208
21,segment,segment_2_alpha=0.5,square,angle,6211.330227009566,5000,1.0,0.0,0.0
21,segment,segment_2_alpha=0.5,first_mark,intersection,83.0,5000,0.1674,0.8326,0.3348
21,segment,segment_2_alpha=0.5,first_mark,distance,5298.55989307,5000,0.4914,0.5085999999999999,0.9828
21,segment,segment_2_alpha=0.5,first_mark,angle,10785.043769966378,5000,0.9834,0.016599999999999948,0.033199999999999896
21,ball,ball_0_alpha=0.75,product,intersection,1520.0,5000,0.877,0.123,0.246
21,ball,ball_0_alpha=0.75,product,shared_area,19.878889139710143,5000,0.9326,0.06740000000000002,0.13480000000000003
21,ball,ball_0_alpha=0.75,product,distance,4579.81040499039,5000,0.135,0.865,0.27
21,ball,ball_0_alpha=0.75,square,intersection,516.0,5000,0.2272,0.7727999999999999,0.4544
21,ball,ball_0_alpha=0.75,square,shared_area,6.5034347842261235,5000,0.2436,0.7564,0.4872
21,ball,ball_0_alpha=0.75,square,distance,1750.2758206403873,5000,0.8262,0.17379999999999995,0.3475999999999999
21,ball,ball_0_alpha=0.75,first_mark,intersection,2036.0,5000,0.918,0.08199999999999996,0.16399999999999992
21,ball,ball_0_alpha=0.75,first_mark,shared_area,26.38232392393627,5000,0.9714,0.02859999999999996,0.05719999999999992
21,ball,ball_0_alpha=0.75,first_mark,distance,6330.086225630778,5000,0.119,0.881,0.238
21,segment,segment_1_alpha=0.75,product,intersection,22.0,5000,0.7194,0.28059999999999996,0.5611999999999999
21,segment,segment_1_alpha=0.75,product,distance,984.6173295599999,5000,0.2244,0.7756000000000001,0.4488
21,segment,segment_1_alpha=0.75,product,angle,1954.6536371176774,5000,0.6644,0.3356,0.6712
21,segment,segment_1_alpha=0.75,square,intersection,44.0,5000,0.3748,0.6252,0.7496
21,segment,segment_1_alpha=0.75,square,distance,2505.35693928,5000,0.1776,0.8224,0.3552
21,segment,segment_1_alpha=0.75,square,angle,4744.38212511055,5000,0.604,0.396,0.792
21,segment,segment_1_alpha=0.75,first_mark,intersection,66.0,5000,0.649,0.351,0.702
21,segment,segment_1_alpha=0.75,first_mark,distance,3489.97426884,5000,0.1964,0.8036,0.3928
21,segment,segment_1_alpha=0.75,first_mark,angle,6699.035762228227,5000,0.6376,0.36240000000000006,0.7248000000000001
21,segment,segment_2_alpha=0.75,product,intersection,48.0,5000,0.3688,0.6312,0.7376
21,segment,segment_2_alpha=0.75,product,distance,2882.96830316,5000,0.699,0.30100000000000005,0.6020000000000001
21,segment,segment_2_alpha=0.75,product,angle,4679.16899302449,5000,0.0034,0.9966,0.0068
21,segment,segment_2_alpha=0.75,square,intersection,56.0,5000,0.5878,0.4122,0.8244
21,segment,segment_2_alpha=0.75,square,distance,3059.2392710599997,5000,0.1958,0.8042,0.3916
21,segment,segment_2_alpha=0.75,square,angle,5964.813742871211,5000,0.9996,0.00039999999999995595,0.0007999999999999119
21,segment,segment_2_alpha=0.75,first_mark,intersection,104.0,5000,0.443,0.5569999999999999,0.886
21,segment,segment_2_alpha=0.75,first_mark,distance,5942.20757422,5000,0.6538,0.34619999999999995,0.6923999999999999
21,segment,segment_2_alpha=0.75,first_mark,angle,10643.9827358957,5000,0.058,0.942,0.116
21,ball,ball_0_alpha=1,product,intersection,1600.0,5000,0.9236,0.07640000000000002,0.15280000000000005
21,ball,ball_0_alpha=1,product,shared_area,20.5206278766974,5000,0.9612,0.038799999999999946,0.07759999999999989
21,ball,ball_0_alpha=1,product,distance,4992.834671814783,5000,0.1586,0.8414,0.3172
21,ball,ball_0_alpha=1,square,intersection,442.0,5000,0.0404,0.9596,0.0808
21,ball,ball_0_alpha=1,square,shared_area,5.360987702324179,5000,0.0444,0.9556,0.0888
21,ball,ball_0_alpha=1,square,distance,1670.2008222094814,5000,0.8976,0.10240000000000005,0.2048000000000001
21,ball,ball_0_alpha=1,first_mark,intersection,2042.0,5000,0.8648,0.1352,0.2704
21,ball,ball_0_alpha=1,first_mark,shared_area,25.88161557902158,5000,0.9566,0.043399999999999994,0.08679999999999999
21,ball,ball_0_alpha=1,first_mark,distance,6663.035494024265,5000,0.2018,0.7982,0.4036
21,segment,segment_1_alpha=1,product,intersection,32.0,5000,0.9836,0.01639999999999997,0.03279999999999994
21,segment,segment_1_alpha=1,product,distance,860.3998981599999,5000,0.0746,0.9254,0.1492
21,segment,segment_1_alpha=1,product,angle,1973.079010998957,5000,0.8034,0.1966,0.3932
21,segment,segment_1_alpha=1,square,intersection,47.0,5000,0.6136,0.38639999999999997,0.7727999999999999
21,segment,segment_1_alpha=1,square,distance,2412.76261205,5000,0.0874,0.9126,0.1748
21,segment,segment_1_alpha=1,square,angle,5020.332706368654,5000,0.6552,0.3448,0.6896
21,segment,segment_1_alpha=1,first_mark,intersection,79.0,5000,0.9824,0.01759999999999995,0.0351999999999999
21,segment,segment_1_alpha=1,first_mark,distance,3273.16251021,5000,0.0696,0.9304,0.1392
21,segment,segment_1_alpha=1,first_mark,angle,6993.411717367611,5000,0.742,0.258,0.516
21,segment,segment_2_alpha=1,product,intersection,34.0,5000,0.38,0.62,0.76
21,segment,segment_2_alpha=1,product,distance,1928.8836290400002,5000,0.2802,0.7198,0.5604
21,segment,segment_2_alpha=1,product,angle,2977.346238771764,5000,0.0,1.0,0.0
21,segment,segment_2_alpha=1,square,intersection,60.0,5000,0.8578,0.1422,0.2844
21,segment,segment_2_alpha=1,square,distance,2921.95329635,5000,0.0442,0.9558,0.0884
21,segment,segment_2_alpha=1,square,angle,7615.871027035449,5000,1.0,0.0,0.0
21,segment,segment_2_alpha=1,first_mark,intersection,94.0,5000,0.6762,0.3238,0.6476
21,segment,segment_2_alpha=1,first_mark,distance,4850.83692539,5000,0.2034,0.7966,0.4068
21,segment,segment_2_alpha=1,first_mark,angle,10593.217265807212,5000,0.9978,0.0021999999999999797,0.0043999999999999595
