Seed,Grain Type,Model,f-Mark Type,Weight Type,Value,Permutation Test Count,Left p-value,Right p-value,Both Sided p-value
4,ball,ball_0_alpha=0,product,intersection,556.0,5000,0.6974,0.3026,0.6052
4,ball,ball_0_alpha=0,product,shared_area,6.9166953383221115,5000,0.6446,0.35540000000000005,0.7108000000000001
4,ball,ball_0_alpha=0,product,distance,2064.8625711956,5000,0.3284,0.6716,0.6568
4,ball,ball_0_alpha=0,square,intersection,674.0,5000,0.391,0.609,0.782
4,ball,ball_0_alpha=0,square,shared_area,8.620912123842913,5000,0.6986,0.3014,0.6028
4,ball,ball_0_alpha=0,square,distance,2666.205339442191,5000,0.9238,0.07620000000000005,0.1524000000000001
4,ball,ball_0_alpha=0,first_mark,intersection,1230.0,5000,0.6632,0.3368,0.6736
4,ball,ball_0_alpha=0,first_mark,shared_area,15.537607462165024,5000,0.7502,0.24980000000000002,0.49960000000000004
4,ball,ball_0_alpha=0,first_mark,distance,4731.06791063779,5000,0.4522,0.5478000000000001,0.9044
4,segment,segment_1_alpha=0,product,intersection,34.0,5000,0.1046,0.8954,0.2092
4,segment,segment_1_alpha=0,product,distance,2865.1697682400004,5000,0.4204,0.5796,0.8408
4,segment,segment_1_alpha=0,product,angle,5420.452501912048,5000,0.6088,0.3912,0.7824
4,segment,segment_1_alpha=0,square,intersection,60.0,5000,0.8868,0.11319999999999997,0.22639999999999993
4,segment,segment_1_alpha=0,square,distance,3644.8433485299997,5000,0.9368,0.06320000000000003,0.12640000000000007
4,segment,segment_1_alpha=0,square,angle,6756.001337643795,5000,0.886,0.11399999999999999,0.22799999999999998
4,segment,segment_1_alpha=0,first_mark,intersection,94.0,5000,0.3578,0.6422,0.7156
4,segment,segment_1_alpha=0,first_mark,distance,6510.01311677,5000,0.5588,0.44120000000000004,0.8824000000000001
4,segment,segment_1_alpha=0,first_mark,angle,12176.453839555841,5000,0.6862,0.31379999999999997,0.6275999999999999
4,segment,segment_2_alpha=0,product,intersection,34.0,5000,0.1066,0.8934,0.2132
4,segment,segment_2_alpha=0,product,distance,2865.1697682400004,5000,0.4126,0.5873999999999999,0.8252
4,segment,segment_2_alpha=0,product,angle,5420.452501912048,5000,0.6218,0.3782,0.7564
4,segment,segment_2_alpha=0,square,intersection,60.0,5000,0.8888,0.11119999999999997,0.22239999999999993
4,segment,segment_2_alpha=0,square,distance,3644.8433485299997,5000,0.9444,0.05559999999999998,0.11119999999999997
4,segment,segment_2_alpha=0,square,angle,6756.001337643795,5000,0.8734,0.12660000000000005,0.2532000000000001
4,segment,segment_2_alpha=0,first_mark,intersection,94.0,5000,0.3624,0.6376,0.7248
4,segment,segment_2_alpha=0,first_mark,distance,6510.01311677,5000,0.5576,0.4424,0.8848
4,segment,segment_2_alpha=0,first_mark,angle,12176.453839555841,5000,0.6946,0.3054,0.6108
4,ball,ball_0_alpha=0.25,product,intersection,906.0,5000,0.7676,0.23240000000000005,0.4648000000000001
4,ball,ball_0_alpha=0.25,product,shared_area,11.515593709282435,5000,0.8548,0.1452,0.2904
4,ball,ball_0_alpha=0.25,product,distance,3461.943308536455,5000,0.2348,0.7652,0.4696
4,ball,ball_0_alpha=0.25,square,intersection,645.0,5000,0.3974,0.6026,0.7948
4,ball,ball_0_alpha=0.25,square,shared_area,8.037779327205884,5000,0.5028,0.4972,0.9944
4,ball,ball_0_alpha=0.25,square,distance,2621.2824029989197,5000,0.5322,0.4678,0.9356
4,ball,ball_0_alpha=0.25,first_mark,intersection,1551.0,5000,0.804,0.19599999999999995,0.3919999999999999
4,ball,ball_0_alpha=0.25,first_mark,shared_area,19.553373036488317,5000,0.9252,0.07479999999999998,0.14959999999999996
4,ball,ball_0_alpha=0.25,first_mark,distance,6083.225711535375,5000,0.2004,0.7996,0.4008
4,segment,segment_1_alpha=0.25,product,intersection,60.0,5000,0.8314,0.16859999999999997,0.33719999999999994
4,segment,segment_1_alpha=0.25,product,distance,3101.2288083599997,5000,0.3412,0.6588,0.6824
4,segment,segment_1_alpha=0.25,product,angle,6153.3780167975365,5000,0.7556,0.24439999999999995,0.4887999999999999
4,segment,segment_1_alpha=0.25,square,intersection,53.0,5000,0.128,0.872,0.256
4,segment,segment_1_alpha=0.25,square,distance,3631.66982899,5000,0.189,0.8109999999999999,0.378
4,segment,segment_1_alpha=0.25,square,angle,6940.160636296625,5000,0.3274,0.6726,0.6548
4,segment,segment_1_alpha=0.25,first_mark,intersection,113.0,5000,0.6762,0.3238,0.6476
4,segment,segment_1_alpha=0.25,first_mark,distance,6732.898637349999,5000,0.3046,0.6954,0.6092
4,segment,segment_1_alpha=0.25,first_mark,angle,13093.53865309416,5000,0.7124,0.28759999999999997,0.5751999999999999
4,segment,segment_2_alpha=0.25,product,intersection,54.0,5000,0.1564,0.8436,0.3128
4,segment,segment_2_alpha=0.25,product,distance,3793.60418232,5000,0.2986,0.7014,0.5972
4,segment,segment_2_alpha=0.25,product,angle,7508.455607891206,5000,0.7388,0.2612,0.5224
4,segment,segment_2_alpha=0.25,square,intersection,64.0,5000,0.8048,0.19520000000000004,0.3904000000000001
4,segment,segment_2_alpha=0.25,square,distance,3659.52453332,5000,0.6384,0.36160000000000003,0.7232000000000001
4,segment,segment_2_alpha=0.25,square,angle,7057.100158365438,5000,0.936,0.06399999999999995,0.1279999999999999
4,segment,segment_2_alpha=0.25,first_mark,intersection,118.0,5000,0.3242,0.6758,0.6484
4,segment,segment_2_alpha=0.25,first_mark,distance,7453.128715639999,5000,0.2952,0.7048,0.5904
4,segment,segment_2_alpha=0.25,first_mark,angle,14565.555766256644,5000,0.829,0.17100000000000004,0.3420000000000001
4,ball,ball_0_alpha=0.5,product,intersection,1196.0,5000,0.9084,0.09160000000000001,0.18320000000000003
4,ball,ball_0_alpha=0.5,product,shared_area,15.144076132045086,5000,0.8656,0.13439999999999996,0.26879999999999993
4,ball,ball_0_alpha=0.5,product,distance,4329.246362851991,5000,0.2448,0.7552,0.4896
4,ball,ball_0_alpha=0.5,square,intersection,624.0,5000,0.348,0.652,0.696
4,ball,ball_0_alpha=0.5,square,shared_area,8.020759175634328,5000,0.5978,0.4022,0.8044
4,ball,ball_0_alpha=0.5,square,distance,2457.7878229148273,5000,0.724,0.276,0.552
4,ball,ball_0_alpha=0.5,first_mark,intersection,1820.0,5000,0.958,0.04200000000000004,0.08400000000000007
4,ball,ball_0_alpha=0.5,first_mark,shared_area,23.16483530767941,5000,0.9624,0.03759999999999997,0.07519999999999993
4,ball,ball_0_alpha=0.5,first_mark,distance,6787.034185766817,5000,0.2424,0.7576,0.4848
4,segment,segment_1_alpha=0.5,product,intersection,24.0,5000,0.537,0.46299999999999997,0.9259999999999999
4,segment,segment_1_alpha=0.5,product,distance,1614.55727188,5000,0.5004,0.49960000000000004,0.9992000000000001
4,segment,segment_1_alpha=0.5,product,angle,3041.769209836961,5000,0.5192,0.4808,0.9616
4,segment,segment_1_alpha=0.5,square,intersection,47.0,5000,0.5622,0.43779999999999997,0.8755999999999999
4,segment,segment_1_alpha=0.5,square,distance,3238.86901621,5000,0.3228,0.6772,0.6456
4,segment,segment_1_alpha=0.5,square,angle,6078.22162772908,5000,0.4132,0.5868,0.8264
4,segment,segment_1_alpha=0.5,first_mark,intersection,71.0,5000,0.6248,0.3752,0.7504
4,segment,segment_1_alpha=0.5,first_mark,distance,4853.42628809,5000,0.4406,0.5594,0.8812
4,segment,segment_1_alpha=0.5,first_mark,angle,9119.990837566042,5000,0.48,0.52,0.96
4,segment,segment_2_alpha=0.5,product,intersection,56.0,5000,0.2148,0.7852,0.4296
4,segment,segment_2_alpha=0.5,product,distance,4322.6290245,5000,0.2158,0.7842,0.4316
4,segment,segment_2_alpha=0.5,product,angle,7666.454989476142,5000,0.0212,0.9788,0.0424
4,segment,segment_2_alpha=0.5,square,intersection,57.0,5000,0.8716,0.12839999999999996,0.2567999999999999
4,segment,segment_2_alpha=0.5,square,distance,3619.14522664,5000,0.737,0.263,0.526
4,segment,segment_2_alpha=0.5,square,angle,7105.670388325097,5000,1.0,0.0,0.0
4,segment,segment_2_alpha=0.5,first_mark,intersection,113.0,5000,0.4774,0.5226,0.9548
4,segment,segment_2_alpha=0.5,first_mark,distance,7941.77425114,5000,0.2172,0.7827999999999999,0.4344
4,segment,segment_2_alpha=0.5,first_mark,angle,14772.125377801236,5000,0.1518,0.8482000000000001,0.3036
4,ball,ball_0_alpha=0.75,product,intersection,1616.0,5000,0.9556,0.044399999999999995,0.08879999999999999
4,ball,ball_0_alpha=0.75,product,shared_area,20.08662753660009,5000,0.9498,0.05020000000000002,0.10040000000000004
4,ball,ball_0_alpha=0.75,product,distance,5693.557556841533,5000,0.0106,0.9894,0.0212
4,ball,ball_0_alpha=0.75,square,intersection,460.0,5000,0.007,0.993,0.014
4,ball,ball_0_alpha=0.75,square,shared_area,5.518394923012901,5000,0.0088,0.9912,0.0176
4,ball,ball_0_alpha=0.75,square,distance,2095.240466355378,5000,0.985,0.015000000000000013,0.030000000000000027
4,ball,ball_0_alpha=0.75,first_mark,intersection,2076.0,5000,0.7954,0.2046,0.4092
4,ball,ball_0_alpha=0.75,first_mark,shared_area,25.60502245961299,5000,0.7524,0.24760000000000004,0.4952000000000001
4,ball,ball_0_alpha=0.75,first_mark,distance,7788.798023196911,5000,0.0098,0.9902,0.0196
4,segment,segment_1_alpha=0.75,product,intersection,26.0,5000,0.7564,0.24360000000000004,0.4872000000000001
4,segment,segment_1_alpha=0.75,product,distance,1457.00670876,5000,0.258,0.742,0.516
4,segment,segment_1_alpha=0.75,product,angle,2972.231885025829,5000,0.913,0.08699999999999997,0.17399999999999993
4,segment,segment_1_alpha=0.75,square,intersection,46.0,5000,0.5622,0.43779999999999997,0.8755999999999999
4,segment,segment_1_alpha=0.75,square,distance,3155.65429998,5000,0.1028,0.8972,0.2056
4,segment,segment_1_alpha=0.75,square,angle,6018.472897056251,5000,0.8584,0.14159999999999995,0.2831999999999999
4,segment,segment_1_alpha=0.75,first_mark,intersection,72.0,5000,0.8264,0.17359999999999998,0.34719999999999995
4,segment,segment_1_alpha=0.75,first_mark,distance,4612.6610087399995,5000,0.1834,0.8166,0.3668
4,segment,segment_1_alpha=0.75,first_mark,angle,8990.70478208208,5000,0.9028,0.09719999999999995,0.1943999999999999
4,segment,segment_2_alpha=0.75,product,intersection,48.0,5000,0.1974,0.8026,0.3948
4,segment,segment_2_alpha=0.75,product,distance,3792.516772,5000,0.312,0.688,0.624
4,segment,segment_2_alpha=0.75,product,angle,6358.916943182777,5000,0.0028,0.9972,0.0056
4,segment,segment_2_alpha=0.75,square,intersection,51.0,5000,0.4344,0.5656,0.8688
4,segment,segment_2_alpha=0.75,square,distance,3667.0293999699998,5000,0.801,0.19899999999999995,0.3979999999999999
4,segment,segment_2_alpha=0.75,square,angle,7467.4967259812265,5000,1.0,0.0,0.0
4,segment,segment_2_alpha=0.75,first_mark,intersection,99.0,5000,0.1366,0.8634,0.2732
4,segment,segment_2_alpha=0.75,first_mark,distance,7459.546171969999,5000,0.3428,0.6572,0.6856
4,segment,segment_2_alpha=0.75,first_mark,angle,13826.413669164001,5000,0.4056,0.5944,0.8112
4,ball,ball_0_alpha=1,product,intersection,1592.0,5000,0.9994,0.0006000000000000449,0.0012000000000000899
4,ball,ball_0_alpha=1,product,shared_area,20.742390705358865,5000,0.9998,0.00019999999999997797,0.00039999999999995595
4,ball,ball_0_alpha=1,product,distance,5295.131478951299,5000,0.0152,0.9848,0.0304
4,ball,ball_0_alpha=1,square,intersection,481.0,5000,0.0018,0.9982,0.0036
4,ball,ball_0_alpha=1,square,shared_area,5.832231882458305,5000,0.0022,0.9978,0.0044
4,ball,ball_0_alpha=1,square,distance,2224.642413716385,5000,0.9914,0.008600000000000052,0.017200000000000104
4,ball,ball_0_alpha=1,first_mark,intersection,2073.0,5000,0.9996,0.00039999999999995595,0.0007999999999999119
4,ball,ball_0_alpha=1,first_mark,shared_area,26.574622587817167,5000,1.0,0.0,0.0
4,ball,ball_0_alpha=1,first_mark,distance,7519.773892667685,5000,0.0212,0.9788,0.0424
4,segment,segment_1_alpha=1,product,intersection,20.0,5000,0.9322,0.06779999999999997,0.13559999999999994
4,segment,segment_1_alpha=1,product,distance,831.78155942,5000,0.8208,0.17920000000000003,0.35840000000000005
4,segment,segment_1_alpha=1,product,angle,1612.9345017428964,5000,0.6874,0.3126,0.6252
4,segment,segment_1_alpha=1,square,intersection,37.0,5000,0.2806,0.7194,0.5612
4,segment,segment_1_alpha=1,square,distance,2667.67487973,5000,0.7382,0.26180000000000003,0.5236000000000001
4,segment,segment_1_alpha=1,square,angle,5211.230163080782,5000,0.5568,0.44320000000000004,0.8864000000000001
4,segment,segment_1_alpha=1,first_mark,intersection,57.0,5000,0.8194,0.18059999999999998,0.36119999999999997
4,segment,segment_1_alpha=1,first_mark,distance,3499.4564391500003,5000,0.787,0.21299999999999997,0.42599999999999993
4,segment,segment_1_alpha=1,first_mark,angle,6824.164664823678,5000,0.6198,0.3802,0.7604
4,segment,segment_2_alpha=1,product,intersection,48.0,5000,0.1982,0.8018000000000001,0.3964
4,segment,segment_2_alpha=1,product,distance,3607.6381776400003,5000,0.325,0.675,0.65
4,segment,segment_2_alpha=1,product,angle,5487.893943791315,5000,0.0,1.0,0.0
4,segment,segment_2_alpha=1,square,intersection,67.0,5000,0.991,0.009000000000000008,0.018000000000000016
4,segment,segment_2_alpha=1,square,distance,3649.44825167,5000,0.4432,0.5568,0.8864
4,segment,segment_2_alpha=1,square,angle,8822.013005215496,5000,1.0,0.0,0.0
4,segment,segment_2_alpha=1,first_mark,intersection,115.0,5000,0.8054,0.1946,0.3892
4,segment,segment_2_alpha=1,first_mark,distance,7257.08642931,5000,0.3034,0.6966,0.6068
4,segment,segment_2_alpha=1,first_mark,angle,14309.906949006812,5000,0.3078,0.6921999999999999,0.6156
