Seed,Grain Type,Model,f-Mark Type,Weight Type,Value,Permutation Test Count,Left p-value,Right p-value,Both Sided p-value
119,ball,ball_0_alpha=0,product,intersection,616.0,5000,0.2982,0.7018,0.5964
119,ball,ball_0_alpha=0,product,shared_area,7.87020723769552,5000,0.2014,0.7986,0.4028
119,ball,ball_0_alpha=0,product,distance,1939.572915046227,5000,0.5354,0.4646,0.9292
119,ball,ball_0_alpha=0,square,intersection,774.0,5000,0.4612,0.5388,0.9224
119,ball,ball_0_alpha=0,square,shared_area,9.854134731654021,5000,0.094,0.906,0.188
119,ball,ball_0_alpha=0,square,distance,2322.242855681659,5000,0.286,0.714,0.572
119,ball,ball_0_alpha=0,first_mark,intersection,1390.0,5000,0.2892,0.7108,0.5784
119,ball,ball_0_alpha=0,first_mark,shared_area,17.724341969349542,5000,0.0722,0.9278,0.1444
119,ball,ball_0_alpha=0,first_mark,distance,4261.815770727885,5000,0.4944,0.5056,0.9888
119,segment,segment_1_alpha=0,product,intersection,40.0,5000,0.0962,0.9038,0.1924
119,segment,segment_1_alpha=0,product,distance,2748.38992842,5000,0.539,0.46099999999999997,0.9219999999999999
119,segment,segment_1_alpha=0,product,angle,5297.470936864765,5000,0.4704,0.5296000000000001,0.9408
119,segment,segment_1_alpha=0,square,intersection,63.0,5000,0.5258,0.47419999999999995,0.9483999999999999
119,segment,segment_1_alpha=0,square,distance,3304.63538152,5000,0.4454,0.5546,0.8908
119,segment,segment_1_alpha=0,square,angle,6382.862959900974,5000,0.1966,0.8034,0.3932
119,segment,segment_1_alpha=0,first_mark,intersection,103.0,5000,0.0902,0.9097999999999999,0.1804
119,segment,segment_1_alpha=0,first_mark,distance,6053.025309939999,5000,0.5208,0.47919999999999996,0.9583999999999999
119,segment,segment_1_alpha=0,first_mark,angle,11680.333896765738,5000,0.4284,0.5716,0.8568
119,segment,segment_2_alpha=0,product,intersection,40.0,5000,0.0858,0.9142,0.1716
119,segment,segment_2_alpha=0,product,distance,2748.38992842,5000,0.5348,0.46519999999999995,0.9303999999999999
119,segment,segment_2_alpha=0,product,angle,5297.470936864765,5000,0.4746,0.5254,0.9492
119,segment,segment_2_alpha=0,square,intersection,63.0,5000,0.5318,0.46819999999999995,0.9363999999999999
119,segment,segment_2_alpha=0,square,distance,3304.63538152,5000,0.4544,0.5456,0.9088
119,segment,segment_2_alpha=0,square,angle,6382.862959900974,5000,0.202,0.798,0.404
119,segment,segment_2_alpha=0,first_mark,intersection,103.0,5000,0.091,0.909,0.182
119,segment,segment_2_alpha=0,first_mark,distance,6053.025309939999,5000,0.5162,0.4838,0.9676
119,segment,segment_2_alpha=0,first_mark,angle,11680.333896765738,5000,0.4346,0.5654,0.8692
119,ball,ball_0_alpha=0.25,product,intersection,886.0,5000,0.9496,0.0504,0.1008
119,ball,ball_0_alpha=0.25,product,shared_area,11.515304688856304,5000,0.9552,0.04479999999999995,0.0895999999999999
119,ball,ball_0_alpha=0.25,product,distance,2349.282392758826,5000,0.1416,0.8584,0.2832
119,ball,ball_0_alpha=0.25,square,intersection,761.0,5000,0.2268,0.7732,0.4536
119,ball,ball_0_alpha=0.25,square,shared_area,9.36514213645257,5000,0.1128,0.8872,0.2256
119,ball,ball_0_alpha=0.25,square,distance,2361.5977193419085,5000,0.2934,0.7066,0.5868
119,ball,ball_0_alpha=0.25,first_mark,intersection,1647.0,5000,0.9516,0.0484,0.0968
119,ball,ball_0_alpha=0.25,first_mark,shared_area,20.880446825308873,5000,0.9288,0.07120000000000004,0.14240000000000008
119,ball,ball_0_alpha=0.25,first_mark,distance,4710.880112100734,5000,0.1184,0.8815999999999999,0.2368
119,segment,segment_1_alpha=0.25,product,intersection,38.0,5000,0.5176,0.48240000000000005,0.9648000000000001
119,segment,segment_1_alpha=0.25,product,distance,1845.7079875,5000,0.5318,0.46819999999999995,0.9363999999999999
119,segment,segment_1_alpha=0.25,product,angle,3471.0761113347535,5000,0.1112,0.8888,0.2224
119,segment,segment_1_alpha=0.25,square,intersection,63.0,5000,0.5166,0.48340000000000005,0.9668000000000001
119,segment,segment_1_alpha=0.25,square,distance,3099.3115878400004,5000,0.2916,0.7083999999999999,0.5832
119,segment,segment_1_alpha=0.25,square,angle,6175.422599798077,5000,0.081,0.919,0.162
119,segment,segment_1_alpha=0.25,first_mark,intersection,101.0,5000,0.57,0.43000000000000005,0.8600000000000001
119,segment,segment_1_alpha=0.25,first_mark,distance,4945.019575339999,5000,0.4658,0.5342,0.9316
119,segment,segment_1_alpha=0.25,first_mark,angle,9646.49871113283,5000,0.0954,0.9046,0.1908
119,segment,segment_2_alpha=0.25,product,intersection,38.0,5000,0.0428,0.9572,0.0856
119,segment,segment_2_alpha=0.25,product,distance,2531.0654198199995,5000,0.2848,0.7152000000000001,0.5696
119,segment,segment_2_alpha=0.25,product,angle,4500.1811594542005,5000,0.001,0.999,0.002
119,segment,segment_2_alpha=0.25,square,intersection,73.0,5000,0.89,0.10999999999999999,0.21999999999999997
119,segment,segment_2_alpha=0.25,square,distance,3259.51691087,5000,0.0862,0.9138,0.1724
119,segment,segment_2_alpha=0.25,square,angle,6655.502467423582,5000,0.9036,0.09640000000000004,0.19280000000000008
119,segment,segment_2_alpha=0.25,first_mark,intersection,111.0,5000,0.1936,0.8064,0.3872
119,segment,segment_2_alpha=0.25,first_mark,distance,5790.582330689999,5000,0.2434,0.7565999999999999,0.4868
119,segment,segment_2_alpha=0.25,first_mark,angle,11155.683626877782,5000,0.0034,0.9966,0.0068
119,ball,ball_0_alpha=0.5,product,intersection,1240.0,5000,0.9788,0.021199999999999997,0.04239999999999999
119,ball,ball_0_alpha=0.5,product,shared_area,15.863789773686069,5000,0.9472,0.05279999999999996,0.10559999999999992
119,ball,ball_0_alpha=0.5,product,distance,3070.115823564536,5000,0.008,0.992,0.016
119,ball,ball_0_alpha=0.5,square,intersection,734.0,5000,0.1466,0.8533999999999999,0.2932
119,ball,ball_0_alpha=0.5,square,shared_area,9.466181478061795,5000,0.2788,0.7212000000000001,0.5576
119,ball,ball_0_alpha=0.5,square,distance,2312.5129991477215,5000,0.9624,0.03759999999999997,0.07519999999999993
119,ball,ball_0_alpha=0.5,first_mark,intersection,1974.0,5000,0.9906,0.009399999999999964,0.018799999999999928
119,ball,ball_0_alpha=0.5,first_mark,shared_area,25.329971251747864,5000,0.9756,0.024399999999999977,0.048799999999999955
119,ball,ball_0_alpha=0.5,first_mark,distance,5382.628822712258,5000,0.005,0.995,0.01
119,segment,segment_1_alpha=0.5,product,intersection,54.0,5000,0.8922,0.1078,0.2156
119,segment,segment_1_alpha=0.5,product,distance,2064.54417112,5000,0.0026,0.9974,0.0052
119,segment,segment_1_alpha=0.5,product,angle,4899.535576408095,5000,0.8482,0.15180000000000005,0.3036000000000001
119,segment,segment_1_alpha=0.5,square,intersection,49.0,5000,0.0242,0.9758,0.0484
119,segment,segment_1_alpha=0.5,square,distance,3211.0658768900003,5000,0.0104,0.9896,0.0208
119,segment,segment_1_alpha=0.5,square,angle,6637.06288770201,5000,0.7134,0.28659999999999997,0.5731999999999999
119,segment,segment_1_alpha=0.5,first_mark,intersection,103.0,5000,0.522,0.478,0.956
119,segment,segment_1_alpha=0.5,first_mark,distance,5275.61004801,5000,0.0026,0.9974,0.0052
119,segment,segment_1_alpha=0.5,first_mark,angle,11536.598464110104,5000,0.8326,0.1674,0.3348
119,segment,segment_2_alpha=0.5,product,intersection,64.0,5000,0.202,0.798,0.404
119,segment,segment_2_alpha=0.5,product,distance,3773.9540626599996,5000,0.1188,0.8812,0.2376
119,segment,segment_2_alpha=0.5,product,angle,7436.929293020279,5000,0.029,0.971,0.058
119,segment,segment_2_alpha=0.5,square,intersection,59.0,5000,0.3242,0.6758,0.6484
119,segment,segment_2_alpha=0.5,square,distance,3312.70195807,5000,0.581,0.41900000000000004,0.8380000000000001
119,segment,segment_2_alpha=0.5,square,angle,7250.524390861565,5000,1.0,0.0,0.0
119,segment,segment_2_alpha=0.5,first_mark,intersection,123.0,5000,0.1056,0.8944,0.2112
119,segment,segment_2_alpha=0.5,first_mark,distance,7086.656020729999,5000,0.0986,0.9014,0.1972
119,segment,segment_2_alpha=0.5,first_mark,angle,14687.453683881842,5000,0.5092,0.4908,0.9816
119,ball,ball_0_alpha=0.75,product,intersection,1596.0,5000,0.8126,0.1874,0.3748
119,ball,ball_0_alpha=0.75,product,shared_area,22.29485641096413,5000,0.963,0.03700000000000003,0.07400000000000007
119,ball,ball_0_alpha=0.75,product,distance,4842.914641336025,5000,0.7438,0.2562,0.5124
119,ball,ball_0_alpha=0.75,square,intersection,615.0,5000,0.2194,0.7806,0.4388
119,ball,ball_0_alpha=0.75,square,shared_area,7.5197860435019965,5000,0.0358,0.9642,0.0716
119,ball,ball_0_alpha=0.75,square,distance,1902.5147020474249,5000,0.2178,0.7822,0.4356
119,ball,ball_0_alpha=0.75,first_mark,intersection,2211.0,5000,0.8134,0.1866,0.3732
119,ball,ball_0_alpha=0.75,first_mark,shared_area,29.814642454466128,5000,0.9462,0.05379999999999996,0.10759999999999992
119,ball,ball_0_alpha=0.75,first_mark,distance,6745.429343383452,5000,0.723,0.277,0.554
119,segment,segment_1_alpha=0.75,product,intersection,32.0,5000,0.9816,0.018399999999999972,0.036799999999999944
119,segment,segment_1_alpha=0.75,product,distance,1134.07834518,5000,0.855,0.14500000000000002,0.29000000000000004
119,segment,segment_1_alpha=0.75,product,angle,2109.994336087417,5000,0.1822,0.8178,0.3644
119,segment,segment_1_alpha=0.75,square,intersection,46.0,5000,0.4442,0.5558000000000001,0.8884
119,segment,segment_1_alpha=0.75,square,distance,2769.48857477,5000,0.8238,0.17620000000000002,0.35240000000000005
119,segment,segment_1_alpha=0.75,square,angle,5539.621717723841,5000,0.1702,0.8298,0.3404
119,segment,segment_1_alpha=0.75,first_mark,intersection,78.0,5000,0.9744,0.025599999999999956,0.05119999999999991
119,segment,segment_1_alpha=0.75,first_mark,distance,3903.5669199500003,5000,0.8474,0.15259999999999996,0.3051999999999999
119,segment,segment_1_alpha=0.75,first_mark,angle,7649.616053811258,5000,0.168,0.832,0.336
119,segment,segment_2_alpha=0.75,product,intersection,56.0,5000,0.3608,0.6392,0.7216
119,segment,segment_2_alpha=0.75,product,distance,3402.5934115800005,5000,0.2854,0.7146,0.5708
119,segment,segment_2_alpha=0.75,product,angle,6207.9652290520535,5000,0.0004,0.9996,0.0008
119,segment,segment_2_alpha=0.75,square,intersection,65.0,5000,0.9404,0.059599999999999986,0.11919999999999997
119,segment,segment_2_alpha=0.75,square,distance,3312.68866748,5000,0.0008,0.9992,0.0016
119,segment,segment_2_alpha=0.75,square,angle,7707.047687384009,5000,1.0,0.0,0.0
119,segment,segment_2_alpha=0.75,first_mark,intersection,121.0,5000,0.7614,0.23860000000000003,0.47720000000000007
119,segment,segment_2_alpha=0.75,first_mark,distance,6715.282079060001,5000,0.2162,0.7838,0.4324
119,segment,segment_2_alpha=0.75,first_mark,angle,13915.01291643606,5000,0.3342,0.6658,0.6684
119,ball,ball_0_alpha=1,product,intersection,2050.0,5000,0.9042,0.0958,0.1916
119,ball,ball_0_alpha=1,product,shared_area,27.487989123007164,5000,0.9936,0.006399999999999961,0.012799999999999923
119,ball,ball_0_alpha=1,product,distance,5909.057313764563,5000,0.2208,0.7792,0.4416
119,ball,ball_0_alpha=1,square,intersection,472.0,5000,0.127,0.873,0.254
119,ball,ball_0_alpha=1,square,shared_area,5.331178965606052,5000,0.008,0.992,0.016
119,ball,ball_0_alpha=1,square,distance,1548.0772079607736,5000,0.758,0.242,0.484
119,ball,ball_0_alpha=1,first_mark,intersection,2522.0,5000,0.919,0.08099999999999996,0.16199999999999992
119,ball,ball_0_alpha=1,first_mark,shared_area,32.81916808861322,5000,0.9932,0.006800000000000028,0.013600000000000056
119,ball,ball_0_alpha=1,first_mark,distance,7457.134521725337,5000,0.2096,0.7904,0.4192
119,segment,segment_1_alpha=1,product,intersection,14.0,5000,0.7052,0.29479999999999995,0.5895999999999999
119,segment,segment_1_alpha=1,product,distance,594.26305778,5000,0.2426,0.7574,0.4852
119,segment,segment_1_alpha=1,product,angle,1281.6455886816505,5000,0.7056,0.2944,0.5888
119,segment,segment_1_alpha=1,square,intersection,40.0,5000,0.4748,0.5252,0.9496
119,segment,segment_1_alpha=1,square,distance,2225.9544293499994,5000,0.1502,0.8498,0.3004
119,segment,segment_1_alpha=1,square,angle,4616.195911017803,5000,0.7946,0.20540000000000003,0.41080000000000005
119,segment,segment_1_alpha=1,first_mark,intersection,54.0,5000,0.6814,0.3186,0.6372
119,segment,segment_1_alpha=1,first_mark,distance,2820.2174871300003,5000,0.1866,0.8134,0.3732
119,segment,segment_1_alpha=1,first_mark,angle,5897.841499699453,5000,0.7614,0.23860000000000003,0.47720000000000007
119,segment,segment_2_alpha=1,product,intersection,60.0,5000,0.5048,0.4952,0.9904
119,segment,segment_2_alpha=1,product,distance,3193.2834429199997,5000,0.0458,0.9542,0.0916
119,segment,segment_2_alpha=1,product,angle,5536.086012930051,5000,0.0,1.0,0.0
119,segment,segment_2_alpha=1,square,intersection,65.0,5000,0.8698,0.13019999999999998,0.26039999999999996
119,segment,segment_2_alpha=1,square,distance,3322.26068578,5000,0.4176,0.5824,0.8352
119,segment,segment_2_alpha=1,square,angle,8017.743584870707,5000,1.0,0.0,0.0
119,segment,segment_2_alpha=1,first_mark,intersection,125.0,5000,0.8318,0.16820000000000002,0.33640000000000003
119,segment,segment_2_alpha=1,first_mark,distance,6515.544128699999,5000,0.0346,0.9654,0.0692
119,segment,segment_2_alpha=1,first_mark,angle,13553.829597800757,5000,0.848,0.15200000000000002,0.30400000000000005
