Seed,Grain Type,Model,f-Mark Type,Weight Type,Value,Permutation Test Count,Left p-value,Right p-value,Both Sided p-value
94,ball,ball_0_alpha=0,product,intersection,734.0,5000,0.4108,0.5892,0.8216
94,ball,ball_0_alpha=0,product,shared_area,8.655439785056624,5000,0.1682,0.8318,0.3364
94,ball,ball_0_alpha=0,product,distance,2762.8639120470925,5000,0.8794,0.12060000000000004,0.24120000000000008
94,ball,ball_0_alpha=0,square,intersection,779.0,5000,0.4358,0.5642,0.8716
94,ball,ball_0_alpha=0,square,shared_area,10.018485869880685,5000,0.8152,0.18479999999999996,0.36959999999999993
94,ball,ball_0_alpha=0,square,distance,2756.195201313737,5000,0.286,0.714,0.572
94,ball,ball_0_alpha=0,first_mark,intersection,1513.0,5000,0.3854,0.6146,0.7708
94,ball,ball_0_alpha=0,first_mark,shared_area,18.67392565493731,5000,0.2858,0.7142,0.5716
94,ball,ball_0_alpha=0,first_mark,distance,5519.0591133608295,5000,0.8614,0.13859999999999995,0.2771999999999999
94,segment,segment_1_alpha=0,product,intersection,56.0,5000,0.3634,0.6366,0.7268
94,segment,segment_1_alpha=0,product,distance,3761.71007808,5000,0.857,0.14300000000000002,0.28600000000000003
94,segment,segment_1_alpha=0,product,angle,6839.024093823887,5000,0.5182,0.4818,0.9636
94,segment,segment_1_alpha=0,square,intersection,64.0,5000,0.6542,0.3458,0.6916
94,segment,segment_1_alpha=0,square,distance,3816.7427268700003,5000,0.223,0.777,0.446
94,segment,segment_1_alpha=0,square,angle,7228.100323332772,5000,0.954,0.04600000000000004,0.09200000000000008
94,segment,segment_1_alpha=0,first_mark,intersection,120.0,5000,0.4856,0.5144,0.9712
94,segment,segment_1_alpha=0,first_mark,distance,7578.452804949999,5000,0.8274,0.17259999999999998,0.34519999999999995
94,segment,segment_1_alpha=0,first_mark,angle,14067.12441715666,5000,0.6456,0.35440000000000005,0.7088000000000001
94,segment,segment_2_alpha=0,product,intersection,56.0,5000,0.364,0.636,0.728
94,segment,segment_2_alpha=0,product,distance,3761.71007808,5000,0.8518,0.1482,0.2964
94,segment,segment_2_alpha=0,product,angle,6839.024093823887,5000,0.5356,0.46440000000000003,0.9288000000000001
94,segment,segment_2_alpha=0,square,intersection,64.0,5000,0.637,0.363,0.726
94,segment,segment_2_alpha=0,square,distance,3816.7427268700003,5000,0.2242,0.7758,0.4484
94,segment,segment_2_alpha=0,square,angle,7228.100323332772,5000,0.9546,0.045399999999999996,0.09079999999999999
94,segment,segment_2_alpha=0,first_mark,intersection,120.0,5000,0.485,0.515,0.97
94,segment,segment_2_alpha=0,first_mark,distance,7578.452804949999,5000,0.8258,0.17420000000000002,0.34840000000000004
94,segment,segment_2_alpha=0,first_mark,angle,14067.12441715666,5000,0.6592,0.3408,0.6816
94,ball,ball_0_alpha=0.25,product,intersection,1510.0,5000,0.6382,0.3618,0.7236
94,ball,ball_0_alpha=0.25,product,shared_area,18.1613191008167,5000,0.4976,0.5024,0.9952
94,ball,ball_0_alpha=0.25,product,distance,5214.117638371075,5000,0.479,0.521,0.958
94,ball,ball_0_alpha=0.25,square,intersection,676.0,5000,0.395,0.605,0.79
94,ball,ball_0_alpha=0.25,square,shared_area,8.357631607850106,5000,0.5654,0.4346,0.8692
94,ball,ball_0_alpha=0.25,square,distance,2376.910650389835,5000,0.4734,0.5266,0.9468
94,ball,ball_0_alpha=0.25,first_mark,intersection,2186.0,5000,0.6518,0.34819999999999995,0.6963999999999999
94,ball,ball_0_alpha=0.25,first_mark,shared_area,26.51895070866681,5000,0.5272,0.4728,0.9456
94,ball,ball_0_alpha=0.25,first_mark,distance,7591.02828876091,5000,0.4636,0.5364,0.9272
94,segment,segment_1_alpha=0.25,product,intersection,68.0,5000,0.49,0.51,0.98
94,segment,segment_1_alpha=0.25,product,distance,4340.2532393599995,5000,0.3374,0.6626000000000001,0.6748
94,segment,segment_1_alpha=0.25,product,angle,8773.745910806527,5000,0.4572,0.5428,0.9144
94,segment,segment_1_alpha=0.25,square,intersection,60.0,5000,0.6052,0.39480000000000004,0.7896000000000001
94,segment,segment_1_alpha=0.25,square,distance,3837.6518847899997,5000,0.9636,0.03639999999999999,0.07279999999999998
94,segment,segment_1_alpha=0.25,square,angle,7571.790554109408,5000,0.2626,0.7374,0.5252
94,segment,segment_1_alpha=0.25,first_mark,intersection,128.0,5000,0.6156,0.38439999999999996,0.7687999999999999
94,segment,segment_1_alpha=0.25,first_mark,distance,8177.90512415,5000,0.4628,0.5372,0.9256
94,segment,segment_1_alpha=0.25,first_mark,angle,16345.536464915936,5000,0.4078,0.5922000000000001,0.8156
94,segment,segment_2_alpha=0.25,product,intersection,78.0,5000,0.2422,0.7578,0.4844
94,segment,segment_2_alpha=0.25,product,distance,5590.2532618000005,5000,0.6558,0.34419999999999995,0.6883999999999999
94,segment,segment_2_alpha=0.25,product,angle,11084.367586737693,5000,0.5002,0.4998,0.9996
94,segment,segment_2_alpha=0.25,square,intersection,60.0,5000,0.7494,0.25060000000000004,0.5012000000000001
94,segment,segment_2_alpha=0.25,square,distance,3645.26284514,5000,0.4222,0.5778,0.8444
94,segment,segment_2_alpha=0.25,square,angle,7327.104263230112,5000,0.64,0.36,0.72
94,segment,segment_2_alpha=0.25,first_mark,intersection,138.0,5000,0.352,0.648,0.704
94,segment,segment_2_alpha=0.25,first_mark,distance,9235.516106939998,5000,0.6676,0.33240000000000003,0.6648000000000001
94,segment,segment_2_alpha=0.25,first_mark,angle,18411.471849967806,5000,0.5376,0.46240000000000003,0.9248000000000001
94,ball,ball_0_alpha=0.5,product,intersection,1464.0,5000,0.8788,0.12119999999999997,0.24239999999999995
94,ball,ball_0_alpha=0.5,product,shared_area,19.39531648047892,5000,0.9924,0.007600000000000051,0.015200000000000102
94,ball,ball_0_alpha=0.5,product,distance,4651.257375377028,5000,0.0854,0.9146,0.1708
94,ball,ball_0_alpha=0.5,square,intersection,702.0,5000,0.263,0.737,0.526
94,ball,ball_0_alpha=0.5,square,shared_area,8.35988502234201,5000,0.0912,0.9088,0.1824
94,ball,ball_0_alpha=0.5,square,distance,2512.6972954103703,5000,0.8854,0.11460000000000004,0.22920000000000007
94,ball,ball_0_alpha=0.5,first_mark,intersection,2166.0,5000,0.9192,0.08079999999999998,0.16159999999999997
94,ball,ball_0_alpha=0.5,first_mark,shared_area,27.755201502820928,5000,0.9968,0.0031999999999999806,0.006399999999999961
94,ball,ball_0_alpha=0.5,first_mark,distance,7163.954670787398,5000,0.0766,0.9234,0.1532
94,segment,segment_1_alpha=0.5,product,intersection,58.0,5000,0.771,0.22899999999999998,0.45799999999999996
94,segment,segment_1_alpha=0.5,product,distance,2794.86636004,5000,0.0362,0.9638,0.0724
94,segment,segment_1_alpha=0.5,product,angle,5842.916149622037,5000,0.256,0.744,0.512
94,segment,segment_1_alpha=0.5,square,intersection,72.0,5000,0.8974,0.10260000000000002,0.20520000000000005
94,segment,segment_1_alpha=0.5,square,distance,3762.75933427,5000,0.0334,0.9666,0.0668
94,segment,segment_1_alpha=0.5,square,angle,7659.90735580255,5000,0.889,0.11099999999999999,0.22199999999999998
94,segment,segment_1_alpha=0.5,first_mark,intersection,130.0,5000,0.967,0.03300000000000003,0.06600000000000006
94,segment,segment_1_alpha=0.5,first_mark,distance,6557.62569431,5000,0.0296,0.9704,0.0592
94,segment,segment_1_alpha=0.5,first_mark,angle,13502.823505424587,5000,0.381,0.619,0.762
94,segment,segment_2_alpha=0.5,product,intersection,72.0,5000,0.8546,0.14539999999999997,0.29079999999999995
94,segment,segment_2_alpha=0.5,product,distance,3336.26742818,5000,0.019,0.981,0.038
94,segment,segment_2_alpha=0.5,product,angle,6538.941959661742,5000,0.0064,0.9936,0.0128
94,segment,segment_2_alpha=0.5,square,intersection,68.0,5000,0.637,0.363,0.726
94,segment,segment_2_alpha=0.5,square,distance,3818.6336366699998,5000,0.0194,0.9806,0.0388
94,segment,segment_2_alpha=0.5,square,angle,8518.150717872652,5000,1.0,0.0,0.0
94,segment,segment_2_alpha=0.5,first_mark,intersection,140.0,5000,0.9542,0.04579999999999995,0.0915999999999999
94,segment,segment_2_alpha=0.5,first_mark,distance,7154.90106485,5000,0.0108,0.9892,0.0216
94,segment,segment_2_alpha=0.5,first_mark,angle,15057.092677534394,5000,0.8026,0.19740000000000002,0.39480000000000004
94,ball,ball_0_alpha=0.75,product,intersection,1512.0,5000,0.6198,0.3802,0.7604
94,ball,ball_0_alpha=0.75,product,shared_area,19.495785336861147,5000,0.9208,0.07920000000000005,0.1584000000000001
94,ball,ball_0_alpha=0.75,product,distance,5382.246721531262,5000,0.712,0.28800000000000003,0.5760000000000001
94,ball,ball_0_alpha=0.75,square,intersection,653.0,5000,0.2756,0.7243999999999999,0.5512
94,ball,ball_0_alpha=0.75,square,shared_area,7.858040478501707,5000,0.1782,0.8218,0.3564
94,ball,ball_0_alpha=0.75,square,distance,2328.666287950389,5000,0.2868,0.7132000000000001,0.5736
94,ball,ball_0_alpha=0.75,first_mark,intersection,2165.0,5000,0.5486,0.4514,0.9028
94,ball,ball_0_alpha=0.75,first_mark,shared_area,27.353825815362853,5000,0.9398,0.06020000000000003,0.12040000000000006
94,ball,ball_0_alpha=0.75,first_mark,distance,7710.91300948165,5000,0.705,0.29500000000000004,0.5900000000000001
94,segment,segment_1_alpha=0.75,product,intersection,40.0,5000,0.7736,0.22640000000000005,0.4528000000000001
94,segment,segment_1_alpha=0.75,product,distance,2238.45698948,5000,0.8854,0.11460000000000004,0.22920000000000007
94,segment,segment_1_alpha=0.75,product,angle,3707.089718725621,5000,0.1204,0.8796,0.2408
94,segment,segment_1_alpha=0.75,square,intersection,53.0,5000,0.2736,0.7263999999999999,0.5472
94,segment,segment_1_alpha=0.75,square,distance,3609.4590183400005,5000,0.7684,0.23160000000000003,0.46320000000000006
94,segment,segment_1_alpha=0.75,square,angle,6510.013316206081,5000,0.042,0.958,0.084
94,segment,segment_1_alpha=0.75,first_mark,intersection,93.0,5000,0.685,0.31499999999999995,0.6299999999999999
94,segment,segment_1_alpha=0.75,first_mark,distance,5847.91600782,5000,0.8658,0.13419999999999999,0.26839999999999997
94,segment,segment_1_alpha=0.75,first_mark,angle,10217.103034931702,5000,0.096,0.904,0.192
94,segment,segment_2_alpha=0.75,product,intersection,64.0,5000,0.7728,0.22719999999999996,0.4543999999999999
94,segment,segment_2_alpha=0.75,product,distance,3750.3511239200006,5000,0.8302,0.16979999999999995,0.3395999999999999
94,segment,segment_2_alpha=0.75,product,angle,6066.309460247013,5000,0.0144,0.9856,0.0288
94,segment,segment_2_alpha=0.75,square,intersection,51.0,5000,0.0548,0.9452,0.1096
94,segment,segment_2_alpha=0.75,square,distance,3817.0526050900007,5000,0.5976,0.4024,0.8048
94,segment,segment_2_alpha=0.75,square,angle,7820.6072767480655,5000,1.0,0.0,0.0
94,segment,segment_2_alpha=0.75,first_mark,intersection,115.0,5000,0.4308,0.5691999999999999,0.8616
94,segment,segment_2_alpha=0.75,first_mark,distance,7567.4037290100005,5000,0.8218,0.17820000000000003,0.35640000000000005
94,segment,segment_2_alpha=0.75,first_mark,angle,13886.916736995077,5000,0.7028,0.2972,0.5944
94,ball,ball_0_alpha=1,product,intersection,1916.0,5000,0.951,0.049000000000000044,0.09800000000000009
94,ball,ball_0_alpha=1,product,shared_area,25.101950075984462,5000,0.994,0.006000000000000005,0.01200000000000001
94,ball,ball_0_alpha=1,product,distance,6375.060048260198,5000,0.2736,0.7263999999999999,0.5472
94,ball,ball_0_alpha=1,square,intersection,540.0,5000,0.1636,0.8364,0.3272
94,ball,ball_0_alpha=1,square,shared_area,6.366822126893034,5000,0.042,0.958,0.084
94,ball,ball_0_alpha=1,square,distance,2006.245881389329,5000,0.6756,0.3244,0.6488
94,ball,ball_0_alpha=1,first_mark,intersection,2456.0,5000,0.9836,0.01639999999999997,0.03279999999999994
94,ball,ball_0_alpha=1,first_mark,shared_area,31.468772202877496,5000,0.9994,0.0006000000000000449,0.0012000000000000899
94,ball,ball_0_alpha=1,first_mark,distance,8381.305929649527,5000,0.2488,0.7512,0.4976
94,segment,segment_1_alpha=1,product,intersection,30.0,5000,0.953,0.04700000000000004,0.09400000000000008
94,segment,segment_1_alpha=1,product,distance,1221.93503384,5000,0.9382,0.061799999999999966,0.12359999999999993
94,segment,segment_1_alpha=1,product,angle,2277.4976177801436,5000,0.8494,0.15059999999999996,0.3011999999999999
94,segment,segment_1_alpha=1,square,intersection,50.0,5000,0.3584,0.6416,0.7168
94,segment,segment_1_alpha=1,square,distance,3144.61907084,5000,0.9594,0.04059999999999997,0.08119999999999994
94,segment,segment_1_alpha=1,square,angle,5896.7260597737,5000,0.8766,0.12339999999999995,0.2467999999999999
94,segment,segment_1_alpha=1,first_mark,intersection,80.0,5000,0.922,0.07799999999999996,0.15599999999999992
94,segment,segment_1_alpha=1,first_mark,distance,4366.554104680001,5000,0.9556,0.044399999999999995,0.08879999999999999
94,segment,segment_1_alpha=1,first_mark,angle,8174.223677553844,5000,0.8694,0.13060000000000005,0.2612000000000001
94,segment,segment_2_alpha=1,product,intersection,56.0,5000,0.3066,0.6934,0.6132
94,segment,segment_2_alpha=1,product,distance,3579.47313338,5000,0.5454,0.4546,0.9092
94,segment,segment_2_alpha=1,product,angle,5464.04466917627,5000,0.0,1.0,0.0
94,segment,segment_2_alpha=1,square,intersection,75.0,5000,0.9652,0.03480000000000005,0.0696000000000001
94,segment,segment_2_alpha=1,square,distance,3840.34992589,5000,0.7744,0.22560000000000002,0.45120000000000005
94,segment,segment_2_alpha=1,square,angle,8547.28860024806,5000,1.0,0.0,0.0
94,segment,segment_2_alpha=1,first_mark,intersection,131.0,5000,0.8196,0.1804,0.3608
94,segment,segment_2_alpha=1,first_mark,distance,7419.82305927,5000,0.5836,0.4164,0.8328
94,segment,segment_2_alpha=1,first_mark,angle,14011.33326942433,5000,0.6122,0.38780000000000003,0.7756000000000001
