Seed,Grain Type,Model,f-Mark Type,Weight Type,Value,Permutation Test Count,Left p-value,Right p-value,Both Sided p-value
20,ball,ball_0_alpha=0,product,intersection,516.0,5000,0.3328,0.6672,0.6656
20,ball,ball_0_alpha=0,product,shared_area,6.588433137042344,5000,0.7998,0.20020000000000004,0.4004000000000001
20,ball,ball_0_alpha=0,product,distance,1879.9888530925725,5000,0.3948,0.6052,0.7896
20,ball,ball_0_alpha=0,square,intersection,412.0,5000,0.6934,0.3066,0.6132
20,ball,ball_0_alpha=0,square,shared_area,4.461138041699158,5000,0.0914,0.9086,0.1828
20,ball,ball_0_alpha=0,square,distance,1454.8150155979895,5000,0.6372,0.3628,0.7256
20,ball,ball_0_alpha=0,first_mark,intersection,928.0,5000,0.4124,0.5876,0.8248
20,ball,ball_0_alpha=0,first_mark,shared_area,11.049571178741502,5000,0.5706,0.4294,0.8588
20,ball,ball_0_alpha=0,first_mark,distance,3334.803868690562,5000,0.4004,0.5996,0.8008
20,segment,segment_1_alpha=0,product,intersection,36.0,5000,0.115,0.885,0.23
20,segment,segment_1_alpha=0,product,distance,2574.01832808,5000,0.3976,0.6024,0.7952
20,segment,segment_1_alpha=0,product,angle,4889.356739145072,5000,0.1466,0.8533999999999999,0.2932
20,segment,segment_1_alpha=0,square,intersection,33.0,5000,0.3744,0.6255999999999999,0.7488
20,segment,segment_1_alpha=0,square,distance,1984.5551977,5000,0.6582,0.3418,0.6836
20,segment,segment_1_alpha=0,square,angle,3909.8624649577923,5000,0.831,0.16900000000000004,0.3380000000000001
20,segment,segment_1_alpha=0,first_mark,intersection,69.0,5000,0.0542,0.9458,0.1084
20,segment,segment_1_alpha=0,first_mark,distance,4558.573525780001,5000,0.4066,0.5933999999999999,0.8132
20,segment,segment_1_alpha=0,first_mark,angle,8799.219204102865,5000,0.156,0.844,0.312
20,segment,segment_2_alpha=0,product,intersection,36.0,5000,0.1256,0.8744000000000001,0.2512
20,segment,segment_2_alpha=0,product,distance,2574.01832808,5000,0.4002,0.5998,0.8004
20,segment,segment_2_alpha=0,product,angle,4889.356739145072,5000,0.1508,0.8492,0.3016
20,segment,segment_2_alpha=0,square,intersection,33.0,5000,0.376,0.624,0.752
20,segment,segment_2_alpha=0,square,distance,1984.5551977,5000,0.653,0.347,0.694
20,segment,segment_2_alpha=0,square,angle,3909.8624649577923,5000,0.8282,0.17179999999999995,0.3435999999999999
20,segment,segment_2_alpha=0,first_mark,intersection,69.0,5000,0.0536,0.9464,0.1072
20,segment,segment_2_alpha=0,first_mark,distance,4558.573525780001,5000,0.4114,0.5886,0.8228
20,segment,segment_2_alpha=0,first_mark,angle,8799.219204102865,5000,0.1562,0.8438,0.3124
20,ball,ball_0_alpha=0.25,product,intersection,436.0,5000,0.74,0.26,0.52
20,ball,ball_0_alpha=0.25,product,shared_area,5.876261931752165,5000,0.9144,0.08560000000000001,0.17120000000000002
20,ball,ball_0_alpha=0.25,product,distance,1569.1894527573584,5000,0.7414,0.25860000000000005,0.5172000000000001
20,ball,ball_0_alpha=0.25,square,intersection,400.0,5000,0.3112,0.6888000000000001,0.6224
20,ball,ball_0_alpha=0.25,square,shared_area,4.662947017586714,5000,0.0596,0.9404,0.1192
20,ball,ball_0_alpha=0.25,square,distance,1467.2439094267613,5000,0.3006,0.6994,0.6012
20,ball,ball_0_alpha=0.25,first_mark,intersection,836.0,5000,0.6958,0.3042,0.6084
20,ball,ball_0_alpha=0.25,first_mark,shared_area,10.539208949338878,5000,0.7504,0.24960000000000004,0.4992000000000001
20,ball,ball_0_alpha=0.25,first_mark,distance,3036.4333621841197,5000,0.7184,0.28159999999999996,0.5631999999999999
20,segment,segment_1_alpha=0.25,product,intersection,26.0,5000,0.5046,0.49539999999999995,0.9907999999999999
20,segment,segment_1_alpha=0.25,product,distance,1409.1333038,5000,0.8444,0.15559999999999996,0.3111999999999999
20,segment,segment_1_alpha=0.25,product,angle,2639.4522109083227,5000,0.4252,0.5748,0.8504
20,segment,segment_1_alpha=0.25,square,intersection,38.0,5000,0.5592,0.44079999999999997,0.8815999999999999
20,segment,segment_1_alpha=0.25,square,distance,1972.8631088299999,5000,0.7102,0.28979999999999995,0.5795999999999999
20,segment,segment_1_alpha=0.25,square,angle,3894.1193446784355,5000,0.9068,0.09319999999999995,0.1863999999999999
20,segment,segment_1_alpha=0.25,first_mark,intersection,64.0,5000,0.6102,0.38980000000000004,0.7796000000000001
20,segment,segment_1_alpha=0.25,first_mark,distance,3381.99641263,5000,0.8316,0.1684,0.3368
20,segment,segment_1_alpha=0.25,first_mark,angle,6533.571555586757,5000,0.5982,0.40180000000000005,0.8036000000000001
20,segment,segment_2_alpha=0.25,product,intersection,36.0,5000,0.7504,0.24960000000000004,0.4992000000000001
20,segment,segment_2_alpha=0.25,product,distance,1746.50502096,5000,0.9608,0.03920000000000001,0.07840000000000003
20,segment,segment_2_alpha=0.25,product,angle,3183.8760597914234,5000,0.3842,0.6158,0.7684
20,segment,segment_2_alpha=0.25,square,intersection,36.0,5000,0.3052,0.6948,0.6104
20,segment,segment_2_alpha=0.25,square,distance,2020.75964947,5000,0.838,0.16200000000000003,0.32400000000000007
20,segment,segment_2_alpha=0.25,square,angle,3986.3067147666134,5000,0.9356,0.06440000000000001,0.12880000000000003
20,segment,segment_2_alpha=0.25,first_mark,intersection,72.0,5000,0.7146,0.2854,0.5708
20,segment,segment_2_alpha=0.25,first_mark,distance,3767.26467043,5000,0.9608,0.03920000000000001,0.07840000000000003
20,segment,segment_2_alpha=0.25,first_mark,angle,7170.182774558037,5000,0.5638,0.43620000000000003,0.8724000000000001
20,ball,ball_0_alpha=0.5,product,intersection,710.0,5000,0.5386,0.46140000000000003,0.9228000000000001
20,ball,ball_0_alpha=0.5,product,shared_area,9.634838395801994,5000,0.7742,0.2258,0.4516
20,ball,ball_0_alpha=0.5,product,distance,2443.6315876043,5000,0.1356,0.8644000000000001,0.2712
20,ball,ball_0_alpha=0.5,square,intersection,380.0,5000,0.7918,0.20820000000000005,0.4164000000000001
20,ball,ball_0_alpha=0.5,square,shared_area,4.938990572905365,5000,0.6884,0.3116,0.6232
20,ball,ball_0_alpha=0.5,square,distance,1329.9773001684393,5000,0.7586,0.24139999999999995,0.4827999999999999
20,ball,ball_0_alpha=0.5,first_mark,intersection,1090.0,5000,0.7424,0.25760000000000005,0.5152000000000001
20,ball,ball_0_alpha=0.5,first_mark,shared_area,14.57382896870736,5000,0.9196,0.08040000000000003,0.16080000000000005
20,ball,ball_0_alpha=0.5,first_mark,distance,3773.608887772739,5000,0.1062,0.8938,0.2124
20,segment,segment_1_alpha=0.5,product,intersection,24.0,5000,0.7872,0.2128,0.4256
20,segment,segment_1_alpha=0.5,product,distance,1221.9843866800002,5000,0.7074,0.29259999999999997,0.5851999999999999
20,segment,segment_1_alpha=0.5,product,angle,2288.863039342197,5000,0.5414,0.4586,0.9172
20,segment,segment_1_alpha=0.5,square,intersection,28.0,5000,0.2818,0.7182,0.5636
20,segment,segment_1_alpha=0.5,square,distance,1923.29243748,5000,0.5228,0.47719999999999996,0.9543999999999999
20,segment,segment_1_alpha=0.5,square,angle,3664.7802699702943,5000,0.6702,0.3298,0.6596
20,segment,segment_1_alpha=0.5,first_mark,intersection,52.0,5000,0.7164,0.28359999999999996,0.5671999999999999
20,segment,segment_1_alpha=0.5,first_mark,distance,3145.27682416,5000,0.6672,0.3328,0.6656
20,segment,segment_1_alpha=0.5,first_mark,angle,5953.6433093124915,5000,0.5836,0.4164,0.8328
20,segment,segment_2_alpha=0.5,product,intersection,36.0,5000,0.2696,0.7303999999999999,0.5392
20,segment,segment_2_alpha=0.5,product,distance,2518.8079983000002,5000,0.1556,0.8444,0.3112
20,segment,segment_2_alpha=0.5,product,angle,4619.269793687229,5000,0.0698,0.9302,0.1396
20,segment,segment_2_alpha=0.5,square,intersection,36.0,5000,0.8964,0.10360000000000003,0.20720000000000005
20,segment,segment_2_alpha=0.5,square,distance,1995.4695558399999,5000,0.799,0.20099999999999996,0.4019999999999999
20,segment,segment_2_alpha=0.5,square,angle,3892.7737921607313,5000,0.9892,0.010800000000000032,0.021600000000000064
20,segment,segment_2_alpha=0.5,first_mark,intersection,72.0,5000,0.5528,0.44720000000000004,0.8944000000000001
20,segment,segment_2_alpha=0.5,first_mark,distance,4514.277554140001,5000,0.1498,0.8502000000000001,0.2996
20,segment,segment_2_alpha=0.5,first_mark,angle,8512.043585847961,5000,0.1508,0.8492,0.3016
20,ball,ball_0_alpha=0.75,product,intersection,616.0,5000,0.5334,0.4666,0.9332
20,ball,ball_0_alpha=0.75,product,shared_area,7.515046039640513,5000,0.7328,0.2672,0.5344
20,ball,ball_0_alpha=0.75,product,distance,2225.796843414681,5000,0.3118,0.6881999999999999,0.6236
20,ball,ball_0_alpha=0.75,square,intersection,377.0,5000,0.3144,0.6856,0.6288
20,ball,ball_0_alpha=0.75,square,shared_area,4.378808108197806,5000,0.278,0.722,0.556
20,ball,ball_0_alpha=0.75,square,distance,1408.6923239328678,5000,0.5678,0.43220000000000003,0.8644000000000001
20,ball,ball_0_alpha=0.75,first_mark,intersection,993.0,5000,0.4436,0.5564,0.8872
20,ball,ball_0_alpha=0.75,first_mark,shared_area,11.893854147838319,5000,0.6802,0.3198,0.6396
20,ball,ball_0_alpha=0.75,first_mark,distance,3634.4891673475486,5000,0.2814,0.7186,0.5628
20,segment,segment_1_alpha=0.75,product,intersection,26.0,5000,0.9538,0.04620000000000002,0.09240000000000004
20,segment,segment_1_alpha=0.75,product,distance,924.6407113600001,5000,0.6364,0.36360000000000003,0.7272000000000001
20,segment,segment_1_alpha=0.75,product,angle,1741.5313298053948,5000,0.4068,0.5932,0.8136
20,segment,segment_1_alpha=0.75,square,intersection,24.0,5000,0.0318,0.9682,0.0636
20,segment,segment_1_alpha=0.75,square,distance,1823.19601568,5000,0.6622,0.3378,0.6756
20,segment,segment_1_alpha=0.75,square,angle,3568.737393981939,5000,0.8018,0.19820000000000004,0.3964000000000001
20,segment,segment_1_alpha=0.75,first_mark,intersection,50.0,5000,0.6874,0.3126,0.6252
20,segment,segment_1_alpha=0.75,first_mark,distance,2747.83672704,5000,0.6526,0.34740000000000004,0.6948000000000001
20,segment,segment_1_alpha=0.75,first_mark,angle,5310.268723787334,5000,0.5684,0.4316,0.8632
20,segment,segment_2_alpha=0.75,product,intersection,32.0,5000,0.3182,0.6818,0.6364
20,segment,segment_2_alpha=0.75,product,distance,1983.34014368,5000,0.262,0.738,0.524
20,segment,segment_2_alpha=0.75,product,angle,3281.305614188592,5000,0.0,1.0,0.0
20,segment,segment_2_alpha=0.75,square,intersection,39.0,5000,0.8216,0.1784,0.3568
20,segment,segment_2_alpha=0.75,square,distance,2028.1794148899999,5000,0.7144,0.28559999999999997,0.5711999999999999
20,segment,segment_2_alpha=0.75,square,angle,4462.362156184785,5000,1.0,0.0,0.0
20,segment,segment_2_alpha=0.75,first_mark,intersection,71.0,5000,0.5604,0.4396,0.8792
20,segment,segment_2_alpha=0.75,first_mark,distance,4011.51955857,5000,0.28,0.72,0.56
20,segment,segment_2_alpha=0.75,first_mark,angle,7743.6677703733785,5000,0.2088,0.7912,0.4176
20,ball,ball_0_alpha=1,product,intersection,1132.0,5000,0.8134,0.1866,0.3732
20,ball,ball_0_alpha=1,product,shared_area,15.3642714596289,5000,0.9958,0.0041999999999999815,0.008399999999999963
20,ball,ball_0_alpha=1,product,distance,3790.6202724624227,5000,0.4018,0.5982000000000001,0.8036
20,ball,ball_0_alpha=1,square,intersection,249.0,5000,0.1976,0.8024,0.3952
20,ball,ball_0_alpha=1,square,shared_area,2.699409262594447,5000,0.0152,0.9848,0.0304
20,ball,ball_0_alpha=1,square,distance,912.8476005333778,5000,0.6086,0.39139999999999997,0.7827999999999999
20,ball,ball_0_alpha=1,first_mark,intersection,1381.0,5000,0.8168,0.18320000000000003,0.36640000000000006
20,ball,ball_0_alpha=1,first_mark,shared_area,18.063680722223346,5000,0.998,0.0020000000000000018,0.0040000000000000036
20,ball,ball_0_alpha=1,first_mark,distance,4703.4678729958,5000,0.4116,0.5884,0.8232
20,segment,segment_1_alpha=1,product,intersection,10.0,5000,0.697,0.30300000000000005,0.6060000000000001
20,segment,segment_1_alpha=1,product,distance,427.24911111999995,5000,0.6362,0.3638,0.7276
20,segment,segment_1_alpha=1,product,angle,836.6331179736954,5000,0.6468,0.35319999999999996,0.7063999999999999
20,segment,segment_1_alpha=1,square,intersection,31.0,5000,0.8982,0.1018,0.2036
20,segment,segment_1_alpha=1,square,distance,1434.93891411,5000,0.4896,0.5104,0.9792
20,segment,segment_1_alpha=1,square,angle,2795.8629568060405,5000,0.5916,0.4084,0.8168
20,segment,segment_1_alpha=1,first_mark,intersection,41.0,5000,0.9418,0.05820000000000003,0.11640000000000006
20,segment,segment_1_alpha=1,first_mark,distance,1862.1880252300002,5000,0.5566,0.4434,0.8868
20,segment,segment_1_alpha=1,first_mark,angle,3632.496074779736,5000,0.6164,0.38360000000000005,0.7672000000000001
20,segment,segment_2_alpha=1,product,intersection,26.0,5000,0.1032,0.8968,0.2064
20,segment,segment_2_alpha=1,product,distance,1850.59584654,5000,0.2634,0.7365999999999999,0.5268
20,segment,segment_2_alpha=1,product,angle,2363.1210503757593,5000,0.0,1.0,0.0
20,segment,segment_2_alpha=1,square,intersection,41.0,5000,0.8756,0.12439999999999996,0.2487999999999999
20,segment,segment_2_alpha=1,square,distance,2012.9171323300002,5000,0.3594,0.6406000000000001,0.7188
20,segment,segment_2_alpha=1,square,angle,4726.306027184062,5000,1.0,0.0,0.0
20,segment,segment_2_alpha=1,first_mark,intersection,67.0,5000,0.3244,0.6756,0.6488
20,segment,segment_2_alpha=1,first_mark,distance,3863.5129788700006,5000,0.237,0.763,0.474
20,segment,segment_2_alpha=1,first_mark,angle,7089.427077559822,5000,0.0026,0.9974,0.0052
